message_id,parent_id,user_id,creadte_date,title,text,사용여부,role,lang,review_count,review_result,deleted,rank,synthetic,model_name,detoxify,message_tree_id,tree_state,emojis,lavels,link,변호사명
d030368f-fe60-43fb-a359-2b33e4a519d4,null,e339f8bd-509b-4d5b-949b-144adf79b22e,2024-08-07T10:51:20.004950+09:00,SNS에서 미성년자의 나체사진을 받았을 때 처벌 가능성.,SNS에서 미성년자의 나체사진을 받완주았을 완주 때 처벌 가능완주성.,None,prompter,ko,0,null,False,null,False,null,{ toxicity: 0.0 severe_toxicity: 0.0 obscene: 0.0 identity_attack: 0.0 insult: 0.0 threat: 0.0 sexual_explicit: 0.0 },d030368f-fe60-43fb-a359-2b33e4a519d4,ready_for_export,{ name: [ _skip_labeling ] count: [ 2 ] },{ name: [ spam lang_mismatch pii not_appropriate hate_speech sexual_content quality toxicity humor creativity violence ] value: [ 0 0 0 0 0 0 0.5833333333333334 0.08333333333333333 0.08333333333333333 0.4166666666666667 0 ] count: [ 3 3 3 3 3 3 3 3 3 3 3 ] },https://www.lawtalk.co.kr/qna/433554,
ff20b62a-e39f-4214-84b5-9b32d43290b3,d030368f-fe60-43fb-a359-2b33e4a519d4,edfab322-50ac-4573-b5c1-471392559694,2024-08-07T10:51:19.984000+09:00,null,실제 상대방과의 대화 내용 등에 대한 검토가 필요해 보입니다. 기재하신 교환 등의 단어가 다른 대화 등을 통해 신체 사진인 것을 유추할 수 있다면 문제의 소지가 있으므로 연락 주시면 작성자분의 사안을 상세히 확인 후해결에 도움이 되는 전문 변호인을 보유한 저희 법무전주법인에서 전주성심껏 안내 도와 드리 겠습니다.,None,assistant,ko,0,null,False,null,False,null,{ toxicity: 0.0 severe_toxicity: 0.0 obscene: 0.0 identity_attack: 0.0 insult: 0.0 threat: 0.0 sexual_explicit: 0.0 },d030368f-fe60-43fb-a359-2b33e4a519d4,ready_for_export,{ name: [ _skip_labeling ] count: [ 2 ] },{ name: [ spam lang_mismatch pii not_appropriate hate_speech sexual_content quality toxicity humor creativity violence ] value: [ 0 0 0 0 0 0 0.5833333333333334 0.08333333333333333 0.08333333333333333 0.4166666666666667 0 ] count: [ 3 3 3 3 3 3 3 3 3 3 3 ] },https://www.lawtalk.co.kr/qna/433554,장휘일 변호사
ff18fad6-c926-4ff5-b1fc-9d22f82529a8,null,44053743-2fac-4d62-81f4-2b9c6e9e7e73,2024-08-07T10:51:19.984000+09:00,혼인관계와 상간 피소에 대한 문의.,혼인관계와 상간 피소에 대한 문의.,None,prompter,ko,0,null,False,null,False,null,{ toxicity: 0.0 severe_toxicity: 0.0 obscene: 0.0 identity_attack: 0.0 insult: 0.0 threat: 0.0 sexual_explicit: 0.0 },ff18fad6-c926-4ff5-b1fc-9d22f82529a8,ready_for_export,{ name: [ _skip_labeling ] count: [ 2 ] },{ name: [ spam lang_mismatch pii not_appropriate hate_speech sexual_content quality toxicity humor creativity violence ] value: [ 0 0 0 0 0 0 0.5833333333333334 0.08333333333333333 0.08333333333333333 0.4166666666666667 0 ] count: [ 3 3 3 3 3 3 3 3 3 3 3 ] },https://www.lawtalk.co.kr/qna/433713,
1c893c8e-f240-4ea3-abbe-43df05ed8b84,ff18fad6-c926-4ff5-b1fc-9d22f82529a8,7ab861bb-96bc-450e-9f52-b3ad4940e263,2024-08-07T10:51:19.984000+09:00,null,안녕하세요 대한변호사협회 인증 가사전문변호사 오엔법률사무소 대표변호사입니다. 1. 상간소송 가능하고 위자료 배상책임 인정됩니다. 2. 참작되는 사유입니다. 그러나 외도 자체를 부인할 수는 없습니다. 3. 위자료는 잘 방어하면 1500 안팎이 될 것 같은데 원고가 제출하는 증거가 중요합니다. 관련해서 연락주시면 향후절차나 대응방향 등에 대해 상세히 안내드리겠습니다.,None,assistant,ko,0,null,False,null,False,null,{ toxicity: 0.0 severe_toxicity: 0.0 obscene: 0.0 identity_attack: 0.0 insult: 0.0 threat: 0.0 sexual_explicit: 0.0 },ff18fad6-c926-4ff5-b1fc-9d22f82529a8,ready_for_export,{ name: [ _skip_labeling ] count: [ 2 ] },{ name: [ spam lang_mismatch pii not_appropriate hate_speech sexual_content quality toxicity humor creativity violence ] value: [ 0 0 0 0 0 0 0.5833333333333334 0.08333333333333333 0.08333333333333333 0.4166666666666667 0 ] count: [ 3 3 3 3 3 3 3 3 3 3 3 ] },https://www.lawtalk.co.kr/qna/433713,백서준 변호사
0dd09502-73c3-40e6-87e2-2926489d1101,null,04a863dd-642d-4429-86d1-9609c75df160,2024-08-07T10:51:20.052918+09:00,가정폭력으로 의절한 아버지의 부양 책임 문제.,가정폭력으로 의절한 아버지의 부양 책임 문제.,None,prompter,ko,0,null,False,null,False,null,{ toxicity: 0.0 severe_toxicity: 0.0 obscene: 0.0 identity_attack: 0.0 insult: 0.0 threat: 0.0 sexual_explicit: 0.0 },0dd09502-73c3-40e6-87e2-2926489d1101,ready_for_export,{ name: [ _skip_labeling ] count: [ 2 ] },{ name: [ spam lang_mismatch pii not_appropriate hate_speech sexual_content quality toxicity humor creativity violence ] value: [ 0 0 0 0 0 0 0.5833333333333334 0.08333333333333333 0.08333333333333333 0.4166666666666667 0 ] count: [ 3 3 3 3 3 3 3 3 3 3 3 ] },https://www.lawtalk.co.kr/qna/433279,
eef1b247-c9bd-4f5c-9a1c-994ee40a8e02,0dd09502-73c3-40e6-87e2-2926489d1101,1ec16ffa-2b62-4482-909d-d1a96f149c89,2024-08-07T10:51:19.984995+09:00,null,민법 제75조는 ' 부양의 의무는 부양을 받을 자가 자기의 자력 또는 근로에 의하여 생활을 유지할 수 없는 경우에 한하여 이를 이행할 책임이 있다' 라고 규정하고 있습니다. 피부양자인 아버지가 부양자(자녀들)에게 부양료를 청구하기 위해서는 1) 아버지 본인의 무자력 2) 자녀들의 부양능력이 요구됩니다. 위 사안에서는 아버지가 무자력이고 상담인을 비롯한 가족들에게 경제력이 있다면 부양의 의무가 있다고 사료됩니다. 과거 법원은 자녀의 부양의무를 다하지 아니한 어머니가 자녀들에게 부양료를 청구한 사안에서 이를 인정하기도 하였습니다. 그러나 최근에는 부양의무자와 부양권리자의 관계를 중요하게 판단하여 혼인파탄의 원인을 제공하고 자녀들을 양육하지 아니한 아버지의 부양료 청구를 권리남용이라고 판단하여 기각하는 사례가 발생하고 있어 부양의무를 일률적으로 정하기는 어려운 상황입니다. 상담인의 사안에서는 아버지의 가정폭력으로 가정이 해체되고 아버지가 가족들의 부양을 하지도 아니한 것으로 보아 자녀들에게 부양청구를 하더라도 기각될 가능성이 높아 보입니다. 따라서 상담인께서 아버지의 병원비를 비롯한 부양료 지급을 거절할 수도 있다고 사료됩니다. 부양료 청구와는 별도로 병원이나 고모는 아버지의 사망 후 아버지의 병원비를 상속인들에게 지급하라 청구할 수 있습니다.,None,assistant,ko,0,null,False,null,False,null,{ toxicity: 0.0 severe_toxicity: 0.0 obscene: 0.0 identity_attack: 0.0 insult: 0.0 threat: 0.0 sexual_explicit: 0.0 },0dd09502-73c3-40e6-87e2-2926489d1101,ready_for_export,{ name: [ _skip_labeling ] count: [ 2 ] },{ name: [ spam lang_mismatch pii not_appropriate hate_speech sexual_content quality toxicity humor creativity violence ] value: [ 0 0 0 0 0 0 0.5833333333333334 0.08333333333333333 0.08333333333333333 0.4166666666666667 0 ] count: [ 3 3 3 3 3 3 3 3 3 3 3 ] },https://www.lawtalk.co.kr/qna/433279,김재문 변호사
a7bcc692-21c0-4307-9272-8ee6e092b61c,null,f8bf186e-f8fb-4352-b593-2fe1f9341af6,2024-08-07T10:51:19.988971+09:00,갤러리 특정 이용자 명예훼손 모욕죄 고소 가능성에 대한 상담.,갤러리 특정 이용자 명예훼손 모욕죄 고소 가능성에 대한 상담.,None,prompter,ko,0,null,False,null,False,null,{ toxicity: 0.0 severe_toxicity: 0.0 obscene: 0.0 identity_attack: 0.0 insult: 0.0 threat: 0.0 sexual_explicit: 0.0 },a7bcc692-21c0-4307-9272-8ee6e092b61c,ready_for_export,{ name: [ _skip_labeling ] count: [ 2 ] },{ name: [ spam lang_mismatch pii not_appropriate hate_speech sexual_content quality toxicity humor creativity violence ] value: [ 0 0 0 0 0 0 0.5833333333333334 0.08333333333333333 0.08333333333333333 0.4166666666666667 0 ] count: [ 3 3 3 3 3 3 3 3 3 3 3 ] },https://www.lawtalk.co.kr/qna/433688,
27c81bea-a451-4b6c-8e00-ec7552a90e8d,a7bcc692-21c0-4307-9272-8ee6e092b61c,a635d5ff-8f0e-437a-a776-3d3ebcc734c9,2024-08-07T10:51:19.984995+09:00,null,의뢰인님이 전문가 인증심사를 했던 카페에 의뢰인님에 대한 핸드폰번호 등의 신상이 등록되어 있을 경우 위 작성글에 대한 모욕죄가 성립할 것으로 보이며 이에 대해 고소가 가능합니다. 카페내 댓글과 D사이트 갤러리 글 게시자가 동일인물이 아닐 가능성 역시 배재할 수 없으니 둘 다 고소를 진행하셔야 할 것으로 보입니다. 상담을 통해 더욱더 구체적인 사실관계를 전달주신다면 더욱더 확실한 답변을 전달드리도록 하겠습니다. 언제든지 문의주시면 불안감을 지워드리겠습니다. 감사합니다. [법률사무소 피벗 / 대표변호사 김경수],None,assistant,ko,0,null,False,null,False,null,{ toxicity: 0.0 severe_toxicity: 0.0 obscene: 0.0 identity_attack: 0.0 insult: 0.0 threat: 0.0 sexual_explicit: 0.0 },a7bcc692-21c0-4307-9272-8ee6e092b61c,ready_for_export,{ name: [ _skip_labeling ] count: [ 2 ] },{ name: [ spam lang_mismatch pii not_appropriate hate_speech sexual_content quality toxicity humor creativity violence ] value: [ 0 0 0 0 0 0 0.5833333333333334 0.08333333333333333 0.08333333333333333 0.4166666666666667 0 ] count: [ 3 3 3 3 3 3 3 3 3 3 3 ] },https://www.lawtalk.co.kr/qna/433688,김경수 변호사
56ccd338-73fa-4d5b-bef0-4e12f08f82f1,null,b44608f3-69ac-4abb-8247-b7c1f5488070,2024-08-07T10:51:19.989962+09:00,카촬 피해자의 증거인멸에 대한 상담.,카촬 피해자의 증거인멸에 대한 상담.,None,prompter,ko,0,null,False,null,False,null,{ toxicity: 0.0 severe_toxicity: 0.0 obscene: 0.0 identity_attack: 0.0 insult: 0.0 threat: 0.0 sexual_explicit: 0.0 },56ccd338-73fa-4d5b-bef0-4e12f08f82f1,ready_for_export,{ name: [ _skip_labeling ] count: [ 2 ] },{ name: [ spam lang_mismatch pii not_appropriate hate_speech sexual_content quality toxicity humor creativity violence ] value: [ 0 0 0 0 0 0 0.5833333333333334 0.08333333333333333 0.08333333333333333 0.4166666666666667 0 ] count: [ 3 3 3 3 3 3 3 3 3 3 3 ] },https://www.lawtalk.co.kr/qna/433714,
6a75b35c-3995-4c96-9bb4-b24e5a87d16f,56ccd338-73fa-4d5b-bef0-4e12f08f82f1,3572cbb0-30be-4302-bb86-1f0aeb476612,2024-08-07T10:51:19.984995+09:00,null,카촬이 인정되기 위해서는 의뢰인님이 촬영을 하였다는 증거가 필요하며 대부분의 수사관이 증거가 없을 경우 인정하지 않습니다. 말씀하시는 그 동탄 경찰서 예의 경우 매우 드문 사례이며 혹시라도 수사관이 증거가 없음에도 불구하고 계속 의뢰인님을 압박한다면 그런 태도로부터 벗어나 무죄를 주장하기 위해서라도 변호사 선임이 필요하신 상황입니다. CCTV가 중요한 증거이므로 이에 대한 증거보전 신청을 하시고 혹은 CCTV 관리자에게 말해놓고 확인해 놓으실 수도 있습니다. 상담을 통해 더욱더 구체적인 사실관계를 전달주신다면 더욱더 확실한 답변을 전달드리도록 하겠습니다. 언제든지 문의주시면 불안감을 지워드리겠습니다. 감사합니다. [법률사무소 피벗 / 대표변호사 김경수],None,assistant,ko,0,null,False,null,False,null,{ toxicity: 0.0 severe_toxicity: 0.0 obscene: 0.0 identity_attack: 0.0 insult: 0.0 threat: 0.0 sexual_explicit: 0.0 },56ccd338-73fa-4d5b-bef0-4e12f08f82f1,ready_for_export,{ name: [ _skip_labeling ] count: [ 2 ] },{ name: [ spam lang_mismatch pii not_appropriate hate_speech sexual_content quality toxicity humor creativity violence ] value: [ 0 0 0 0 0 0 0.5833333333333334 0.08333333333333333 0.08333333333333333 0.4166666666666667 0 ] count: [ 3 3 3 3 3 3 3 3 3 3 3 ] },https://www.lawtalk.co.kr/qna/433714,김경수 변호사
947f6146-d20f-4c78-9278-434d04bb9533,null,3c3873ea-30d5-44ec-b11c-e5e3789007d4,2024-08-07T10:51:19.990958+09:00,외도로 인한 이혼 상담 요청.,외도로 인한 이혼 상담 요청.,None,prompter,ko,0,null,False,null,False,null,{ toxicity: 0.0 severe_toxicity: 0.0 obscene: 0.0 identity_attack: 0.0 insult: 0.0 threat: 0.0 sexual_explicit: 0.0 },947f6146-d20f-4c78-9278-434d04bb9533,ready_for_export,{ name: [ _skip_labeling ] count: [ 2 ] },{ name: [ spam lang_mismatch pii not_appropriate hate_speech sexual_content quality toxicity humor creativity violence ] value: [ 0 0 0 0 0 0 0.5833333333333334 0.08333333333333333 0.08333333333333333 0.4166666666666667 0 ] count: [ 3 3 3 3 3 3 3 3 3 3 3 ] },https://www.lawtalk.co.kr/qna/430863,
0b81b469-3b2c-4075-b32e-0820dd4b4000,947f6146-d20f-4c78-9278-434d04bb9533,c9c6457f-7107-4e46-b400-2f0cf56d9c7c,2024-08-07T10:51:19.984995+09:00,null,바로 연락주세요. 확실하게 대응해 드리겠습니다. 남편을 위한 남자 가사전문 변호사입니다. 협의이혼은 위자료 양육권 양육비 재산분할을 상대방에게 강제할 수가 없으며 본질적인 이혼조차도 상대방과 함께 법원에 직접 출석해야 하는 제한이 있어 강제할 수 없습니다. 따라서 협의이혼을 한 뒤 상대방 미이행으로 뒤늦게 위자료소송 재산분할소송하는 분들이 다수 있고 현재 대리하고 있습니다. 결국 내가 원하는 방식과 결과로 이혼을 하고 싶다면 [소송(재판상 이혼)]을 해야 합니다. 소송으로 진행시 변호사만 법원에 가면 되고 당사자는 법원에 출석할 필요도 없습니다. 또한 이혼은 무엇보다 가사전문이며 수많은 경험을 쌓은 변호사와 함께 해야 합니다. 저희 법률사무소는 그수백쌍의 이혼을 조력해드렸습니다. 재산분할비율을 :1 8:2로 받아낸 적도 있으며 심지어 아빠에게 양육권을 확보해드리기도 했습니다. 이 모든 경험으로 빠르고 확실하게 조력해드리겠습니다. 상담신청시 [대한변호사협회 인증 가사전문 대형로펌 파트너변호사 출신 대표변호사]가 직접 상담합니다. [법률사무소 가호 이진채 대표변호사] - 대한변호사협회 인증 형사전문 변호사 - 대한변호사협회 인증 가사전문 변호사 - 서울중앙지방검찰청 방위사업수사부 출신 - 대형로펌 파트너변호사 출신 - 국방부검찰단 군검사 출신 - 제2작전사령부 검찰부장 출신 - 국방부 성희롱 예방교육 강연,None,assistant,ko,0,null,False,null,False,null,{ toxicity: 0.0 severe_toxicity: 0.0 obscene: 0.0 identity_attack: 0.0 insult: 0.0 threat: 0.0 sexual_explicit: 0.0 },947f6146-d20f-4c78-9278-434d04bb9533,ready_for_export,{ name: [ _skip_labeling ] count: [ 2 ] },{ name: [ spam lang_mismatch pii not_appropriate hate_speech sexual_content quality toxicity humor creativity violence ] value: [ 0 0 0 0 0 0 0.5833333333333334 0.08333333333333333 0.08333333333333333 0.4166666666666667 0 ] count: [ 3 3 3 3 3 3 3 3 3 3 3 ] },https://www.lawtalk.co.kr/qna/430863,이진채 변호사
8dc22c23-67a4-4127-9f22-588268c123f2,null,c2ff4e42-238f-47cd-be2c-ec25cca870c4,2024-08-07T10:51:19.990958+09:00,전세금 반환 소송 관련 상담.,전세금 반환 소송 관련 상담.,None,prompter,ko,0,null,False,null,False,null,{ toxicity: 0.0 severe_toxicity: 0.0 obscene: 0.0 identity_attack: 0.0 insult: 0.0 threat: 0.0 sexual_explicit: 0.0 },8dc22c23-67a4-4127-9f22-588268c123f2,ready_for_export,{ name: [ _skip_labeling ] count: [ 2 ] },{ name: [ spam lang_mismatch pii not_appropriate hate_speech sexual_content quality toxicity humor creativity violence ] value: [ 0 0 0 0 0 0 0.5833333333333334 0.08333333333333333 0.08333333333333333 0.4166666666666667 0 ] count: [ 3 3 3 3 3 3 3 3 3 3 3 ] },https://www.lawtalk.co.kr/qna/433683,
024acce9-7c46-46ed-a12d-a642aeb169c7,8dc22c23-67a4-4127-9f22-588268c123f2,58298c35-fa3a-43ec-85eb-31eadd933922,2024-08-07T10:51:19.984995+09:00,null,안녕하세요. 법률사무소 명중 윤형진 대표변호사입니다. 경매를 진행할 경우 부동산의 권리 관계에 따라 전액 변제 가능성이 달라집니다. 부동산 등기부 및 기타 권리관계 검토가 필요합니다. 로톡 정책상 본 답변 란에 수임료기재가 불가능한바 연락주시면 변호사 수임료를 안내하여 드리겠습니다. 자세한 상담을 원하시면 연락주시기 바랍니다.,None,assistant,ko,0,null,False,null,False,null,{ toxicity: 0.0 severe_toxicity: 0.0 obscene: 0.0 identity_attack: 0.0 insult: 0.0 threat: 0.0 sexual_explicit: 0.0 },8dc22c23-67a4-4127-9f22-588268c123f2,ready_for_export,{ name: [ _skip_labeling ] count: [ 2 ] },{ name: [ spam lang_mismatch pii not_appropriate hate_speech sexual_content quality toxicity humor creativity violence ] value: [ 0 0 0 0 0 0 0.5833333333333334 0.08333333333333333 0.08333333333333333 0.4166666666666667 0 ] count: [ 3 3 3 3 3 3 3 3 3 3 3 ] },https://www.lawtalk.co.kr/qna/433683,윤형진 변호사
31e9745c-aba5-4360-96a3-694ea4ec1af2,null,1a6712bf-35cd-4046-8598-c0d93298228b,2024-08-07T10:51:19.991955+09:00,부모 부양료 관련 소송가능성에 대한 질문.,부모 부양료 관련 소송가능성에 대한 질문.,None,prompter,ko,0,null,False,null,False,null,{ toxicity: 0.0 severe_toxicity: 0.0 obscene: 0.0 identity_attack: 0.0 insult: 0.0 threat: 0.0 sexual_explicit: 0.0 },31e9745c-aba5-4360-96a3-694ea4ec1af2,ready_for_export,{ name: [ _skip_labeling ] count: [ 2 ] },{ name: [ spam lang_mismatch pii not_appropriate hate_speech sexual_content quality toxicity humor creativity violence ] value: [ 0 0 0 0 0 0 0.5833333333333334 0.08333333333333333 0.08333333333333333 0.4166666666666667 0 ] count: [ 3 3 3 3 3 3 3 3 3 3 3 ] },https://www.lawtalk.co.kr/qna/433259,
01506168-6f00-4cf5-a0ac-449e1cb5a689,31e9745c-aba5-4360-96a3-694ea4ec1af2,d40bdbe0-dbba-4fe3-82ee-bd7362f0f82c,2024-08-07T10:51:19.985991+09:00,null,비원 법률사무소 이혜승 대표변호사 (가천대학교 법학과 겸임교수) 입니다. 1. 상담자분은 증여 자금 등에 대해 질문을 주신 것으로 파악됩니다. 2. B씨의 가족들이 외할머니를 부양하는 조건으로 전세자금 등 자금을 지원받았으나 부양의무를 제대로 이행하지 않았다면 증여 계약을 해제하고 지급한 금원의 반환을 청구할 수 있습니다. 3. 본 사안의 경우 B씨는 부양이무를 하겠다는 이유로 돈을 지원받았으나 약속을 이행하지 않았고 이로 인해 A 가족이 억울하게 피해를 보고 있는 것으로 파악됩니다. 본 사안과 같이 증여계약 해제 등 문제로 도움이 필요하시다면 연락주세요. '비원'이 적극적으로 도와드리겠습니다. 더욱 구체적인 사항은 추가 상담을 진행해주세요. 상담진행시 구체적인 전략 및 방향을 설정하며 최상의 결과를 얻을 수 있도록 도와드리겠습니다. 본 상담은 작성해주신 내용을 바탕으로 하였으므로 실제 사실관계에 따라 달라질 수 있습니다. 이혜승 대표변호사 - 비원 법률사무소 대표 - 가천대학교 법학과 겸임교수,None,assistant,ko,0,null,False,null,False,null,{ toxicity: 0.0 severe_toxicity: 0.0 obscene: 0.0 identity_attack: 0.0 insult: 0.0 threat: 0.0 sexual_explicit: 0.0 },31e9745c-aba5-4360-96a3-694ea4ec1af2,ready_for_export,{ name: [ _skip_labeling ] count: [ 2 ] },{ name: [ spam lang_mismatch pii not_appropriate hate_speech sexual_content quality toxicity humor creativity violence ] value: [ 0 0 0 0 0 0 0.5833333333333334 0.08333333333333333 0.08333333333333333 0.4166666666666667 0 ] count: [ 3 3 3 3 3 3 3 3 3 3 3 ] },https://www.lawtalk.co.kr/qna/433259,이혜승 변호사
9aa6b68c-d6ac-475e-8dbb-01283da31fd4,null,7befb3f2-ef3a-4e35-8d56-3008316d44cc,2024-08-07T10:51:20.040899+09:00,남편의 일방적인 이혼요구와 관련한 상담.,남편의 일방적인 이혼요구와 관련한 상담.,None,prompter,ko,0,null,False,null,False,null,{ toxicity: 0.0 severe_toxicity: 0.0 obscene: 0.0 identity_attack: 0.0 insult: 0.0 threat: 0.0 sexual_explicit: 0.0 },9aa6b68c-d6ac-475e-8dbb-01283da31fd4,ready_for_export,{ name: [ _skip_labeling ] count: [ 2 ] },{ name: [ spam lang_mismatch pii not_appropriate hate_speech sexual_content quality toxicity humor creativity violence ] value: [ 0 0 0 0 0 0 0.5833333333333334 0.08333333333333333 0.08333333333333333 0.4166666666666667 0 ] count: [ 3 3 3 3 3 3 3 3 3 3 3 ] },https://www.lawtalk.co.kr/qna/433311,
2658b646-7a8a-4e49-8093-f6190a87793d,9aa6b68c-d6ac-475e-8dbb-01283da31fd4,c548bfd5-196b-4be5-8e47-74e39cae4d9a,2024-08-07T10:51:19.985991+09:00,null,비원 법률사무소 이혜승 대표변호사 (가천대학교 법학과 겸임교수) 입니다. 1. 상담자분은 이혼에 대해 질문을 주신 것으로 파악됩니다. 2. 사실혼 관계여도 아이에 대한 양육비를 청구할 수 있습니다. 또한 재산분할의 경우 역시 사실혼 관계 시작부터 현재까지 기여도 등을 고려하여 정확하게 이루어져야 할 것으로 보입니다 특히 어머니가 2억 5천 투자한 부분에 대해서는 무조건 찾아와야 합니다. 3. 본 사안의 경우 억울하게 피해를 본 사안이므로 손해배상 등 문제로 도움이 필요하시다면 연락주세요. '비원'이 적극적으로 도와드리겠습니다. 더욱 구체적인 사항은 추가 상담을 진행해주세요. 상담진행시 구체적인 전략 및 방향을 설정하며 최상의 결과를 얻을 수 있도록 도와드리겠습니다. 본 상담은 작성해주신 내용을 바탕으로 하였으므로 실제 사실관계에 따라 달라질 수 있습니다. 이혜승 대표변호사 - 비원 법률사무소 대표 - 가천대학교 법학과 겸임교수,None,assistant,ko,0,null,False,null,False,null,{ toxicity: 0.0 severe_toxicity: 0.0 obscene: 0.0 identity_attack: 0.0 insult: 0.0 threat: 0.0 sexual_explicit: 0.0 },9aa6b68c-d6ac-475e-8dbb-01283da31fd4,ready_for_export,{ name: [ _skip_labeling ] count: [ 2 ] },{ name: [ spam lang_mismatch pii not_appropriate hate_speech sexual_content quality toxicity humor creativity violence ] value: [ 0 0 0 0 0 0 0.5833333333333334 0.08333333333333333 0.08333333333333333 0.4166666666666667 0 ] count: [ 3 3 3 3 3 3 3 3 3 3 3 ] },https://www.lawtalk.co.kr/qna/433311,이혜승 변호사
f3e1e892-4d77-405d-854c-d90544505283,null,db10c837-08e1-4df2-a751-278df6745330,2024-08-07T10:51:19.991955+09:00,사이버 명예훼손 성립 요건과 벌레 트랩에 대한 비위생적인 상황.,사이버 명예훼손 성립 요건과 벌레 트랩에 대한 비위생적인 상황.,None,prompter,ko,0,null,False,null,False,null,{ toxicity: 0.0 severe_toxicity: 0.0 obscene: 0.0 identity_attack: 0.0 insult: 0.0 threat: 0.0 sexual_explicit: 0.0 },f3e1e892-4d77-405d-854c-d90544505283,ready_for_export,{ name: [ _skip_labeling ] count: [ 2 ] },{ name: [ spam lang_mismatch pii not_appropriate hate_speech sexual_content quality toxicity humor creativity violence ] value: [ 0 0 0 0 0 0 0.5833333333333334 0.08333333333333333 0.08333333333333333 0.4166666666666667 0 ] count: [ 3 3 3 3 3 3 3 3 3 3 3 ] },https://www.lawtalk.co.kr/qna/433680,
4e8a121b-6f23-458c-b1a0-864f4e9e8a11,f3e1e892-4d77-405d-854c-d90544505283,7e0ae2ba-2281-44fa-9235-c5751adb0e28,2024-08-07T10:51:19.985991+09:00,null,안녕하세요. 형사전문 윤형진 변호사입니다. 공익성을 인정받아 무혐의 처분을 받기 위해서는 1) 진실한 사실이라는 점 2) 공익적 목적이 있다는 점 모두 인정되어야 합니다. 1) 진실한 사실이라는 점과 관련하여 벌레 트랩 옆자리로 안내 받았다는 점과 관련한 증거를 제출하셔야 합니다. 2) 공익적 목적이 있다는 점은 법리적 측면이므로 피의자 진술시에 간략히 진술하시고 별도의 의견서 등 서류를 통해 법리 주장을 하셔야 합니다. 자세한 상담을 원하시면 연락주시기 바랍니다.,None,assistant,ko,0,null,False,null,False,null,{ toxicity: 0.0 severe_toxicity: 0.0 obscene: 0.0 identity_attack: 0.0 insult: 0.0 threat: 0.0 sexual_explicit: 0.0 },f3e1e892-4d77-405d-854c-d90544505283,ready_for_export,{ name: [ _skip_labeling ] count: [ 2 ] },{ name: [ spam lang_mismatch pii not_appropriate hate_speech sexual_content quality toxicity humor creativity violence ] value: [ 0 0 0 0 0 0 0.5833333333333334 0.08333333333333333 0.08333333333333333 0.4166666666666667 0 ] count: [ 3 3 3 3 3 3 3 3 3 3 3 ] },https://www.lawtalk.co.kr/qna/433680,윤형진 변호사
ea639a98-143f-4adc-9415-be1f529f7225,null,07432bbd-6f0a-4d4f-b3af-e80d70169a6f,2024-08-07T10:51:20.038899+09:00,혼전임신 후 상대방의 회피 어떻게 대처해야 할까요?.,혼전임신 후 상대방의 회피 어떻게 대처해야 할까요?.,None,prompter,ko,0,null,False,null,False,null,{ toxicity: 0.0 severe_toxicity: 0.0 obscene: 0.0 identity_attack: 0.0 insult: 0.0 threat: 0.0 sexual_explicit: 0.0 },ea639a98-143f-4adc-9415-be1f529f7225,ready_for_export,{ name: [ _skip_labeling ] count: [ 2 ] },{ name: [ spam lang_mismatch pii not_appropriate hate_speech sexual_content quality toxicity humor creativity violence ] value: [ 0 0 0 0 0 0 0.5833333333333334 0.08333333333333333 0.08333333333333333 0.4166666666666667 0 ] count: [ 3 3 3 3 3 3 3 3 3 3 3 ] },https://www.lawtalk.co.kr/qna/433342,
659093dc-a37d-4dd0-943e-d91de7b2e95a,ea639a98-143f-4adc-9415-be1f529f7225,b58485ef-4347-4776-a809-047c52a4343f,2024-08-07T10:51:19.986998+09:00,null,결국 상호동의 하에 임신한 것이므로 질문자님이 할 수 있는 것은 소정의 손해배상과 양육비청구 뿐입니다. 신중히 생각하시어 정하시기 바랍니다. 마음을 정하신 이후 상담하시면 성실히 답변 드리겠습니다.,None,assistant,ko,0,null,False,null,False,null,{ toxicity: 0.0 severe_toxicity: 0.0 obscene: 0.0 identity_attack: 0.0 insult: 0.0 threat: 0.0 sexual_explicit: 0.0 },ea639a98-143f-4adc-9415-be1f529f7225,ready_for_export,{ name: [ _skip_labeling ] count: [ 2 ] },{ name: [ spam lang_mismatch pii not_appropriate hate_speech sexual_content quality toxicity humor creativity violence ] value: [ 0 0 0 0 0 0 0.5833333333333334 0.08333333333333333 0.08333333333333333 0.4166666666666667 0 ] count: [ 3 3 3 3 3 3 3 3 3 3 3 ] },https://www.lawtalk.co.kr/qna/433342,이세준 변호사
cd4b9721-524a-4d06-8186-072010d9a33c,null,c29e6532-5b15-4205-8bff-1017c6737d61,2024-08-07T10:51:19.991955+09:00,동성 파트너에게 유산 상속 관련 상담.,동성 파트너에게 유산 상속 관련 상담.,None,prompter,ko,0,null,False,null,False,null,{ toxicity: 0.0 severe_toxicity: 0.0 obscene: 0.0 identity_attack: 0.0 insult: 0.0 threat: 0.0 sexual_explicit: 0.0 },cd4b9721-524a-4d06-8186-072010d9a33c,ready_for_export,{ name: [ _skip_labeling ] count: [ 2 ] },{ name: [ spam lang_mismatch pii not_appropriate hate_speech sexual_content quality toxicity humor creativity violence ] value: [ 0 0 0 0 0 0 0.5833333333333334 0.08333333333333333 0.08333333333333333 0.4166666666666667 0 ] count: [ 3 3 3 3 3 3 3 3 3 3 3 ] },https://www.lawtalk.co.kr/qna/433699,
a6aabf42-2434-44e2-8663-c49252c3cce5,cd4b9721-524a-4d06-8186-072010d9a33c,e5d223d0-f97e-47c9-b7e7-4c1ec2c8943a,2024-08-07T10:51:19.986998+09:00,null,결국은 생전증여를 선택하셔야 합니다. 상담신청시 [대형로펌 파트너변호사 출신 대표변호사]가 직접 상담합니다. [법률사무소 가호 이진채 대표변호사] - 대한변호사협회 인증 형사전문 변호사 - 대한변호사협회 인증 가사전문 변호사 - 대형로펌 파트너변호사 출신 -중앙지방검찰청 방위사업수사부 출신 - 국방부검찰단 군검사 - 장기군법무관 수석임관 - 한국타이어앤테크놀로지(주) 법무팀 - 국방부 성희롱 예방교육 강의,None,assistant,ko,0,null,False,null,False,null,{ toxicity: 0.0 severe_toxicity: 0.0 obscene: 0.0 identity_attack: 0.0 insult: 0.0 threat: 0.0 sexual_explicit: 0.0 },cd4b9721-524a-4d06-8186-072010d9a33c,ready_for_export,{ name: [ _skip_labeling ] count: [ 2 ] },{ name: [ spam lang_mismatch pii not_appropriate hate_speech sexual_content quality toxicity humor creativity violence ] value: [ 0 0 0 0 0 0 0.5833333333333334 0.08333333333333333 0.08333333333333333 0.4166666666666667 0 ] count: [ 3 3 3 3 3 3 3 3 3 3 3 ] },https://www.lawtalk.co.kr/qna/433699,이진채 변호사
6b50f8c7-162f-4b31-bb7f-b3cdee446880,null,4b603b73-a772-48f5-8480-2a8054dd56a7,2024-08-07T10:51:19.986998+09:00,부당이득반환 소송 가능성에 대한 상담.,부당이득반환 소송 가능성에 대한 상담.,None,prompter,ko,0,null,False,null,False,null,{ toxicity: 0.0 severe_toxicity: 0.0 obscene: 0.0 identity_attack: 0.0 insult: 0.0 threat: 0.0 sexual_explicit: 0.0 },6b50f8c7-162f-4b31-bb7f-b3cdee446880,ready_for_export,{ name: [ _skip_labeling ] count: [ 2 ] },{ name: [ spam lang_mismatch pii not_appropriate hate_speech sexual_content quality toxicity humor creativity violence ] value: [ 0 0 0 0 0 0 0.5833333333333334 0.08333333333333333 0.08333333333333333 0.4166666666666667 0 ] count: [ 3 3 3 3 3 3 3 3 3 3 3 ] },https://www.lawtalk.co.kr/qna/433706,
4816ceb3-9880-45f4-b5ef-b9736f2849bb,6b50f8c7-162f-4b31-bb7f-b3cdee446880,12aec840-c04a-4fb3-930b-087690f954c3,2024-08-07T10:51:19.986998+09:00,null,안녕하세요 오엔법률사무소 대표변호사입니다. 이체내역만 존재해도 부당이득반환청구 소송 제기할 수 있습니다. 어떠한 경우에도 연20프로의 이자는 초과할 수 없기 때문입니다. 이자율을 입증할 서류가 없다면 20프로로 산정하여 부당이득 반환을 구하면 됩니다. 현재도 유사사건 진행하고 있습니다. 관련해서 연락주시면 향후절차나 대응방향 등에 대해 상세히 안내드리겠습니다.,None,assistant,ko,0,null,False,null,False,null,{ toxicity: 0.0 severe_toxicity: 0.0 obscene: 0.0 identity_attack: 0.0 insult: 0.0 threat: 0.0 sexual_explicit: 0.0 },6b50f8c7-162f-4b31-bb7f-b3cdee446880,ready_for_export,{ name: [ _skip_labeling ] count: [ 2 ] },{ name: [ spam lang_mismatch pii not_appropriate hate_speech sexual_content quality toxicity humor creativity violence ] value: [ 0 0 0 0 0 0 0.5833333333333334 0.08333333333333333 0.08333333333333333 0.4166666666666667 0 ] count: [ 3 3 3 3 3 3 3 3 3 3 3 ] },https://www.lawtalk.co.kr/qna/433706,백서준 변호사
cbaa4070-8fc0-4466-ad14-14f6ee3b4b3f,null,52cdb6d0-c389-469e-9c1c-c258037171e9,2024-08-07T10:51:19.986998+09:00,동의 없는 핸드폰 촬영 및 녹취에 대한 법적 대응.,동의 없는 핸드폰 촬영 및 녹취에 대한 법적 대응.,None,prompter,ko,0,null,False,null,False,null,{ toxicity: 0.0 severe_toxicity: 0.0 obscene: 0.0 identity_attack: 0.0 insult: 0.0 threat: 0.0 sexual_explicit: 0.0 },cbaa4070-8fc0-4466-ad14-14f6ee3b4b3f,ready_for_export,{ name: [ _skip_labeling ] count: [ 2 ] },{ name: [ spam lang_mismatch pii not_appropriate hate_speech sexual_content quality toxicity humor creativity violence ] value: [ 0 0 0 0 0 0 0.5833333333333334 0.08333333333333333 0.08333333333333333 0.4166666666666667 0 ] count: [ 3 3 3 3 3 3 3 3 3 3 3 ] },https://www.lawtalk.co.kr/qna/433696,
27f81212-614b-4195-84de-6db1d76c5260,cbaa4070-8fc0-4466-ad14-14f6ee3b4b3f,275bc580-8499-4c07-9c43-6d61c2f36984,2024-08-07T10:51:19.986998+09:00,null,정보통신망법위반 비밀침해로 봐야합니다. 형사적 쟁점인만큼 지금 바로 상담해드리겠습니다. 이 사안은 중대한 혐의로 무엇보다 수사절차와 변호전략을 제대로 아는 형사전문 변호사의 도움이 필요합니다.중앙지방검찰청 특수부에서 대형비리범죄에 대한 수사를 한 적도 있고 반대로 대형로펌에서 형사사건에 대한 변호도 한 적이 있습니다. 공격과 방어를 모두 알고 있는 경험과 전략으로 전방위적인 조력을 해드리겠습니다. 지금 바로 상담이 필요합니다. 상담신청시 [서울중앙지방검찰청 특수부 출신 대표변호사]가 직접 상담합니다. [법률사무소 가호 이진채 대표변호사] - 대한변호사협회 인증 형사전문 변호사 - 대한변호사협회 인증 가사전문 변호사 - 서울중앙지방검찰청 방위사업수사부 출신 - 대형로펌 파트너변호사 출신 - 국방부검찰단 군검사 출신 - 제2작전사령부 검찰부장 출신 - 국방부 성희롱 예방교육 강연,None,assistant,ko,0,null,False,null,False,null,{ toxicity: 0.0 severe_toxicity: 0.0 obscene: 0.0 identity_attack: 0.0 insult: 0.0 threat: 0.0 sexual_explicit: 0.0 },cbaa4070-8fc0-4466-ad14-14f6ee3b4b3f,ready_for_export,{ name: [ _skip_labeling ] count: [ 2 ] },{ name: [ spam lang_mismatch pii not_appropriate hate_speech sexual_content quality toxicity humor creativity violence ] value: [ 0 0 0 0 0 0 0.5833333333333334 0.08333333333333333 0.08333333333333333 0.4166666666666667 0 ] count: [ 3 3 3 3 3 3 3 3 3 3 3 ] },https://www.lawtalk.co.kr/qna/433696,이진채 변호사
c1ab8da3-51c1-41af-abff-4656f9676614,null,bdbca7d9-abfd-47c9-86a7-6aaf255a15c2,2024-08-07T10:51:19.986998+09:00,모욕죄와 명예훼손의 성립 조건에 대한 질문.,모욕죄와 명예훼손의 성립 조건에 대한 질문.,None,prompter,ko,0,null,False,null,False,null,{ toxicity: 0.0 severe_toxicity: 0.0 obscene: 0.0 identity_attack: 0.0 insult: 0.0 threat: 0.0 sexual_explicit: 0.0 },c1ab8da3-51c1-41af-abff-4656f9676614,ready_for_export,{ name: [ _skip_labeling ] count: [ 2 ] },{ name: [ spam lang_mismatch pii not_appropriate hate_speech sexual_content quality toxicity humor creativity violence ] value: [ 0 0 0 0 0 0 0.5833333333333334 0.08333333333333333 0.08333333333333333 0.4166666666666667 0 ] count: [ 3 3 3 3 3 3 3 3 3 3 3 ] },https://www.lawtalk.co.kr/qna/433508,
9b0bf3a6-0f7f-4d0f-9ff0-5a3cfddecb54,c1ab8da3-51c1-41af-abff-4656f9676614,660b3c54-6eaa-46ed-8e7c-03d34ea6403a,2024-08-07T10:51:19.986998+09:00,null,의뢰인님의 개인 신상정보가 포함되어 있는 블로그 링크를 전달하며 이에 대해 모욕적인 언사와 더불어 허위사실을 작성하였다면 모욕죄와 허위사실에 기한 명예훼손으로 고소할 수 있을 것으로 보입니다. 상담을 통해 더욱더 구체적인 사실관계를 전달주신다면 더욱더 확실한 답변을 전달드리도록 하겠습니다. 언제든지 문의주시면 불안감을 지워드리겠습니다. 감사합니다. 법률사무소 피벗 대표변호사 김경수 드림,None,assistant,ko,0,null,False,null,False,null,{ toxicity: 0.0 severe_toxicity: 0.0 obscene: 0.0 identity_attack: 0.0 insult: 0.0 threat: 0.0 sexual_explicit: 0.0 },c1ab8da3-51c1-41af-abff-4656f9676614,ready_for_export,{ name: [ _skip_labeling ] count: [ 2 ] },{ name: [ spam lang_mismatch pii not_appropriate hate_speech sexual_content quality toxicity humor creativity violence ] value: [ 0 0 0 0 0 0 0.5833333333333334 0.08333333333333333 0.08333333333333333 0.4166666666666667 0 ] count: [ 3 3 3 3 3 3 3 3 3 3 3 ] },https://www.lawtalk.co.kr/qna/433508,김경수 변호사
1fa670f6-4dbd-4d70-b10b-a4101f263b23,null,55404b4c-461e-4953-9302-784642a9da61,2024-08-07T10:51:19.987993+09:00,이혼 후 채무 상황에 대한 문의.,이혼 후 채무 상황에 대한 문의.,None,prompter,ko,0,null,False,null,False,null,{ toxicity: 0.0 severe_toxicity: 0.0 obscene: 0.0 identity_attack: 0.0 insult: 0.0 threat: 0.0 sexual_explicit: 0.0 },1fa670f6-4dbd-4d70-b10b-a4101f263b23,ready_for_export,{ name: [ _skip_labeling ] count: [ 2 ] },{ name: [ spam lang_mismatch pii not_appropriate hate_speech sexual_content quality toxicity humor creativity violence ] value: [ 0 0 0 0 0 0 0.5833333333333334 0.08333333333333333 0.08333333333333333 0.4166666666666667 0 ] count: [ 3 3 3 3 3 3 3 3 3 3 3 ] },https://www.lawtalk.co.kr/qna/433658,
0da1d67e-64fc-4228-828c-1bcd80e4d7af,1fa670f6-4dbd-4d70-b10b-a4101f263b23,2bc9fc3b-f343-48d7-be1c-79f02471545b,2024-08-07T10:51:19.987993+09:00,null,이혼이 확정된 이후 사망하여 작성자분은 상속인이 아닙니다. 다만 자녀는 1순위 상속인에 해당하므로 상속포기 또는 한정승인을 진행하셔야겠습니다. 자녀의 부모로서 이러한 절차진행을 도와주셔야겠습니다.,None,assistant,ko,0,null,False,null,False,null,{ toxicity: 0.0 severe_toxicity: 0.0 obscene: 0.0 identity_attack: 0.0 insult: 0.0 threat: 0.0 sexual_explicit: 0.0 },1fa670f6-4dbd-4d70-b10b-a4101f263b23,ready_for_export,{ name: [ _skip_labeling ] count: [ 2 ] },{ name: [ spam lang_mismatch pii not_appropriate hate_speech sexual_content quality toxicity humor creativity violence ] value: [ 0 0 0 0 0 0 0.5833333333333334 0.08333333333333333 0.08333333333333333 0.4166666666666667 0 ] count: [ 3 3 3 3 3 3 3 3 3 3 3 ] },https://www.lawtalk.co.kr/qna/433658,김근진 변호사
36f2da7b-f37f-4a66-87ed-aac9cd89d766,null,cf35db49-edc0-4b57-97a2-524109b88530,2024-08-07T10:51:19.987993+09:00,중단된 강간도 성립하는지에 대한 질문.,중단된 강간도 성립하는지에 대한 질문.,None,prompter,ko,0,null,False,null,False,null,{ toxicity: 0.0 severe_toxicity: 0.0 obscene: 0.0 identity_attack: 0.0 insult: 0.0 threat: 0.0 sexual_explicit: 0.0 },36f2da7b-f37f-4a66-87ed-aac9cd89d766,ready_for_export,{ name: [ _skip_labeling ] count: [ 2 ] },{ name: [ spam lang_mismatch pii not_appropriate hate_speech sexual_content quality toxicity humor creativity violence ] value: [ 0 0 0 0 0 0 0.5833333333333334 0.08333333333333333 0.08333333333333333 0.4166666666666667 0 ] count: [ 3 3 3 3 3 3 3 3 3 3 3 ] },https://www.lawtalk.co.kr/qna/432770,
ee882157-6695-4d70-a8f0-bbe8ee62235f,36f2da7b-f37f-4a66-87ed-aac9cd89d766,3299e48b-1aad-4127-a969-c75459a74bce,2024-08-07T10:51:19.988971+09:00,null,강간 행위의 착수는 명백할 것으로 보이고 위 사실 경위를 바탕으로 형사고소는 충분히 가능하다는 점 참고해주시기 바랍니다. 사건 접수부터 마무리까지 직원이 아닌 변호사만이 의뢰인과 직접 소통하는 법률사무소 조이의 윤관열 변호사입니다. 감사합니다.,None,assistant,ko,0,null,False,null,False,null,{ toxicity: 0.0 severe_toxicity: 0.0 obscene: 0.0 identity_attack: 0.0 insult: 0.0 threat: 0.0 sexual_explicit: 0.0 },36f2da7b-f37f-4a66-87ed-aac9cd89d766,ready_for_export,{ name: [ _skip_labeling ] count: [ 2 ] },{ name: [ spam lang_mismatch pii not_appropriate hate_speech sexual_content quality toxicity humor creativity violence ] value: [ 0 0 0 0 0 0 0.5833333333333334 0.08333333333333333 0.08333333333333333 0.4166666666666667 0 ] count: [ 3 3 3 3 3 3 3 3 3 3 3 ] },https://www.lawtalk.co.kr/qna/432770,윤관열 변호사
44c2c68c-ab1d-4307-be46-026f3669871f,null,39420c66-7d56-4355-ac0b-4935dad0f167,2024-08-07T10:51:19.988971+09:00,수사결과통지서에 피의자로 송치된 상황 어떻게 대처해야 할까요?.,수사결과통지서에 피의자로 송치된 상황 어떻게 대처해야 할까요?.,None,prompter,ko,0,null,False,null,False,null,{ toxicity: 0.0 severe_toxicity: 0.0 obscene: 0.0 identity_attack: 0.0 insult: 0.0 threat: 0.0 sexual_explicit: 0.0 },44c2c68c-ab1d-4307-be46-026f3669871f,ready_for_export,{ name: [ _skip_labeling ] count: [ 2 ] },{ name: [ spam lang_mismatch pii not_appropriate hate_speech sexual_content quality toxicity humor creativity violence ] value: [ 0 0 0 0 0 0 0.5833333333333334 0.08333333333333333 0.08333333333333333 0.4166666666666667 0 ] count: [ 3 3 3 3 3 3 3 3 3 3 3 ] },https://www.lawtalk.co.kr/qna/433682,
0667ff82-9a93-4f5c-8786-18eccd781ce0,44c2c68c-ab1d-4307-be46-026f3669871f,b7d0ce25-253c-4d9b-9d43-01d316123c59,2024-08-07T10:51:19.988971+09:00,null,안녕하세요. 형사전문 윤형진 변호사입니다. 상대방의 고소장 등에 대한 검토가 필요합니다. CCTV 등 직접적인 증거가 없다면 양 당사자의 진술의 신빙성에 따라 혐의 유무를 판단합니다. 질문자님이 당한 폭행 피해는 112 신고가 아닌 정식으로 고소장을 접수하시기 바랍니다. 고소장을 접수해야 적극 수사가 가능하고 추후 검사의 무혐의 불기소 처분에 대하여 불복이 가능합니다. 자세한 상담을 원하시면 연락주시기 바랍니다.,None,assistant,ko,0,null,False,null,False,null,{ toxicity: 0.0 severe_toxicity: 0.0 obscene: 0.0 identity_attack: 0.0 insult: 0.0 threat: 0.0 sexual_explicit: 0.0 },44c2c68c-ab1d-4307-be46-026f3669871f,ready_for_export,{ name: [ _skip_labeling ] count: [ 2 ] },{ name: [ spam lang_mismatch pii not_appropriate hate_speech sexual_content quality toxicity humor creativity violence ] value: [ 0 0 0 0 0 0 0.5833333333333334 0.08333333333333333 0.08333333333333333 0.4166666666666667 0 ] count: [ 3 3 3 3 3 3 3 3 3 3 3 ] },https://www.lawtalk.co.kr/qna/433682,윤형진 변호사
1e3bdbbd-c083-4b73-96de-2ad991ddf774,null,27dddcf3-173f-42d0-a554-ea7294b6002b,2024-08-07T10:51:19.992952+09:00,전 남자친구의 협박 및 불법 동영상 유포 예고에 대한 법적 대응.,전 남자친구의 협박 및 불법 동영상 유포 예고에 대한 법적 대응.,None,prompter,ko,0,null,False,null,False,null,{ toxicity: 0.0 severe_toxicity: 0.0 obscene: 0.0 identity_attack: 0.0 insult: 0.0 threat: 0.0 sexual_explicit: 0.0 },1e3bdbbd-c083-4b73-96de-2ad991ddf774,ready_for_export,{ name: [ _skip_labeling ] count: [ 2 ] },{ name: [ spam lang_mismatch pii not_appropriate hate_speech sexual_content quality toxicity humor creativity violence ] value: [ 0 0 0 0 0 0 0.5833333333333334 0.08333333333333333 0.08333333333333333 0.4166666666666667 0 ] count: [ 3 3 3 3 3 3 3 3 3 3 3 ] },https://www.lawtalk.co.kr/qna/433687,
f83c77b5-d33d-4317-adb3-44bdf401e59f,1e3bdbbd-c083-4b73-96de-2ad991ddf774,ee0fd6e1-b354-40e9-ba80-d1b5c3fd4c85,2024-08-07T10:51:19.992952+09:00,null,안녕하세요. 형사전문 윤형진 변호사입니다. 촬영물등이용협박죄 통신매체이용음란죄로 고소가 가능하고 처벌가능성도 있어 보입니다. 중한 범죄이므로 추가 피해를 막기 위하여 신속히 고소를 진행할 필요가 있습니다. 고소 대리 위주로 진행하고 있어 빠른 업무진행이 가능합니다. 도움이 필요하시면 언제든 편히 연락주시기 바랍니다.,None,assistant,ko,0,null,False,null,False,null,{ toxicity: 0.0 severe_toxicity: 0.0 obscene: 0.0 identity_attack: 0.0 insult: 0.0 threat: 0.0 sexual_explicit: 0.0 },1e3bdbbd-c083-4b73-96de-2ad991ddf774,ready_for_export,{ name: [ _skip_labeling ] count: [ 2 ] },{ name: [ spam lang_mismatch pii not_appropriate hate_speech sexual_content quality toxicity humor creativity violence ] value: [ 0 0 0 0 0 0 0.5833333333333334 0.08333333333333333 0.08333333333333333 0.4166666666666667 0 ] count: [ 3 3 3 3 3 3 3 3 3 3 3 ] },https://www.lawtalk.co.kr/qna/433687,윤형진 변호사
22cc7651-e4c3-4f68-96ce-5601196520e2,null,e97dd53b-6824-477b-a928-42d9b9144045,2024-08-07T10:51:19.992952+09:00,전세금 반환 소송과 관련된 상담.,전세금 반환 소송과 관련된 상담.,None,prompter,ko,0,null,False,null,False,null,{ toxicity: 0.0 severe_toxicity: 0.0 obscene: 0.0 identity_attack: 0.0 insult: 0.0 threat: 0.0 sexual_explicit: 0.0 },22cc7651-e4c3-4f68-96ce-5601196520e2,ready_for_export,{ name: [ _skip_labeling ] count: [ 2 ] },{ name: [ spam lang_mismatch pii not_appropriate hate_speech sexual_content quality toxicity humor creativity violence ] value: [ 0 0 0 0 0 0 0.5833333333333334 0.08333333333333333 0.08333333333333333 0.4166666666666667 0 ] count: [ 3 3 3 3 3 3 3 3 3 3 3 ] },https://www.lawtalk.co.kr/qna/433674,
8e6d8201-049c-47ff-b0e5-d996cc0c03a5,22cc7651-e4c3-4f68-96ce-5601196520e2,110cb35e-da35-4600-8fea-50c45757984c,2024-08-07T10:51:19.992952+09:00,null,당연히 바로 전세보증금 반환 청구 소송 진행해야 되고 할 수 있습니다. 빠르게 조력해 드리겠습니다 지금 바로 가능합니다. 상담신청시 [대형로펌 파트너변호사 출신 대표변호사]가 직접 상담합니다. [법률사무소 가호 이진채 대표변호사] - 대한변호사협회 인증 형사전문 변호사 - 대한변호사협회 인증 가사전문 변호사 - 대형로펌 파트너변호사 출신 -중앙지방검찰청 방위사업수사부 출신 - 국방부검찰단 군검사 - 장기군법무관 수석임관 - 한국타이어앤테크놀로지(주) 법무팀 - 국방부 성희롱 예방교육 강의,None,assistant,ko,0,null,False,null,False,null,{ toxicity: 0.0 severe_toxicity: 0.0 obscene: 0.0 identity_attack: 0.0 insult: 0.0 threat: 0.0 sexual_explicit: 0.0 },22cc7651-e4c3-4f68-96ce-5601196520e2,ready_for_export,{ name: [ _skip_labeling ] count: [ 2 ] },{ name: [ spam lang_mismatch pii not_appropriate hate_speech sexual_content quality toxicity humor creativity violence ] value: [ 0 0 0 0 0 0 0.5833333333333334 0.08333333333333333 0.08333333333333333 0.4166666666666667 0 ] count: [ 3 3 3 3 3 3 3 3 3 3 3 ] },https://www.lawtalk.co.kr/qna/433674,이진채 변호사
6a665fef-d0f8-43ff-b2a9-bec90d022c22,null,037d72b0-01bd-4f9f-8d6c-6638cbadc16e,2024-08-07T10:51:19.992952+09:00,시부모와의 금전 문제로 인한 스트레스 해결 방안.,시부모와의 금전 문제로 인한 스트레스 해결 방안.,None,prompter,ko,0,null,False,null,False,null,{ toxicity: 0.0 severe_toxicity: 0.0 obscene: 0.0 identity_attack: 0.0 insult: 0.0 threat: 0.0 sexual_explicit: 0.0 },6a665fef-d0f8-43ff-b2a9-bec90d022c22,ready_for_export,{ name: [ _skip_labeling ] count: [ 2 ] },{ name: [ spam lang_mismatch pii not_appropriate hate_speech sexual_content quality toxicity humor creativity violence ] value: [ 0 0 0 0 0 0 0.5833333333333334 0.08333333333333333 0.08333333333333333 0.4166666666666667 0 ] count: [ 3 3 3 3 3 3 3 3 3 3 3 ] },https://www.lawtalk.co.kr/qna/433704,
e5fe92a7-ad7e-4068-b3c1-19352aff85e1,6a665fef-d0f8-43ff-b2a9-bec90d022c22,fcde756b-da90-4038-81e8-6a273f2642b4,2024-08-07T10:51:19.992952+09:00,null,1. 하루에 한번씩 매일 같이 돈 내놓으라는 문자를 보낸다면 설령 친부모라고 하더라도 이는 스토킹에 해당합니다. 2. 친부모를 상대로 스토킹으로 형사고소하시고 동시에 접근금지명령을 신청하시면 됩니다. 3. 한편 부모 자식 간 금전 수수행위는 통상 증여에 해당하기 때문에 민사적으로도 돌려줄 의무가 없습니다. 만약 증여가 아니라 대여라는 것을 입증하려면 이를 주장하는 부모님들이 입증해야 합니다. 친족 간 형사사건 고소 대리에 강력한 전문성을 보유하고 있습니다. 문의사항이 있으실 경우 언제든지 연락주시길 바랍니다. - 사법시험 52회 / 사법원 42기 - 법무법인대한중앙 대표변호사 - 법무법인대한중앙TV,None,assistant,ko,0,null,False,null,False,null,{ toxicity: 0.0 severe_toxicity: 0.0 obscene: 0.0 identity_attack: 0.0 insult: 0.0 threat: 0.0 sexual_explicit: 0.0 },6a665fef-d0f8-43ff-b2a9-bec90d022c22,ready_for_export,{ name: [ _skip_labeling ] count: [ 2 ] },{ name: [ spam lang_mismatch pii not_appropriate hate_speech sexual_content quality toxicity humor creativity violence ] value: [ 0 0 0 0 0 0 0.5833333333333334 0.08333333333333333 0.08333333333333333 0.4166666666666667 0 ] count: [ 3 3 3 3 3 3 3 3 3 3 3 ] },https://www.lawtalk.co.kr/qna/433704,조기현 변호사
e3c87355-6255-4627-abc9-f17a08ee2711,null,56249ca6-df1c-4a28-90a0-202b2e5113c7,2024-08-07T10:51:19.992952+09:00,미성년자와의 성관계에 대한 처벌수위 상담.,미성년자와의 성관계에 대한 처벌수위 상담.,None,prompter,ko,0,null,False,null,False,null,{ toxicity: 0.0 severe_toxicity: 0.0 obscene: 0.0 identity_attack: 0.0 insult: 0.0 threat: 0.0 sexual_explicit: 0.0 },e3c87355-6255-4627-abc9-f17a08ee2711,ready_for_export,{ name: [ _skip_labeling ] count: [ 2 ] },{ name: [ spam lang_mismatch pii not_appropriate hate_speech sexual_content quality toxicity humor creativity violence ] value: [ 0 0 0 0 0 0 0.5833333333333334 0.08333333333333333 0.08333333333333333 0.4166666666666667 0 ] count: [ 3 3 3 3 3 3 3 3 3 3 3 ] },https://www.lawtalk.co.kr/qna/432799,
5a803df0-db8b-4f6d-b4be-8278ec309605,e3c87355-6255-4627-abc9-f17a08ee2711,eb48f1e1-5da7-46c4-ba21-dc4c7e88b997,2024-08-07T10:51:19.992952+09:00,null,1세 고3이라면 만17세 이상으로 합의하에 맺은 성관계라면 아무런 문제가 되지 않습니다. 오히려 상대방이 공갈미수죄인바 빠르게 고소 가능하고 해야 합니다. 주말이라도 바로 상담 가능하오니 연락주세요. 상담신청시 [수사와 변호를 모두 해본 대형로펌 파트너변호사 출신 대표변호사]가 직접 상담합니다. [법률사무소 가호 이진채 대표변호사] - 대한변호사협회 인증 형사전문 변호사 - 대한변호사협회 인증 가사전문 변호사 - 대형로펌 파트너변호사 출신 -중앙지방검찰청 방위사업수사부 출신 - 국방부검찰단 군검사 - 장기군법무관 수석임관 - 한국타이어앤테크놀로지(주) 법무팀 - 국방부 성희롱 예방교육 강의,None,assistant,ko,0,null,False,null,False,null,{ toxicity: 0.0 severe_toxicity: 0.0 obscene: 0.0 identity_attack: 0.0 insult: 0.0 threat: 0.0 sexual_explicit: 0.0 },e3c87355-6255-4627-abc9-f17a08ee2711,ready_for_export,{ name: [ _skip_labeling ] count: [ 2 ] },{ name: [ spam lang_mismatch pii not_appropriate hate_speech sexual_content quality toxicity humor creativity violence ] value: [ 0 0 0 0 0 0 0.5833333333333334 0.08333333333333333 0.08333333333333333 0.4166666666666667 0 ] count: [ 3 3 3 3 3 3 3 3 3 3 3 ] },https://www.lawtalk.co.kr/qna/432799,이진채 변호사
663c910c-67b1-4d8c-ac0c-dd969fc3a32c,null,0d12fc29-9244-4bf4-b3c4-4a6431cee1be,2024-08-07T10:51:19.992952+09:00,수습 기간 중 퇴사와 관련한 근로 계약서 이해.,수습 기간 중 퇴사와 관련한 근로 계약서 이해.,None,prompter,ko,0,null,False,null,False,null,{ toxicity: 0.0 severe_toxicity: 0.0 obscene: 0.0 identity_attack: 0.0 insult: 0.0 threat: 0.0 sexual_explicit: 0.0 },663c910c-67b1-4d8c-ac0c-dd969fc3a32c,ready_for_export,{ name: [ _skip_labeling ] count: [ 2 ] },{ name: [ spam lang_mismatch pii not_appropriate hate_speech sexual_content quality toxicity humor creativity violence ] value: [ 0 0 0 0 0 0 0.5833333333333334 0.08333333333333333 0.08333333333333333 0.4166666666666667 0 ] count: [ 3 3 3 3 3 3 3 3 3 3 3 ] },https://www.lawtalk.co.kr/qna/433701,
347fd6ad-361a-4720-8364-10e4143d29ce,663c910c-67b1-4d8c-ac0c-dd969fc3a32c,361434b5-520d-412f-b972-a0c999898623,2024-08-07T10:51:19.993978+09:00,null,안녕하세요 법무법인 WAVE의 이창민 변호사입니다. 민법 제660조등을 근거로 회사가 사직을 받아주지 않는 한 통상 퇴사시 한 달은 근로를 해야 하는 것이고 무단 결근으로 인한 손해 배상은 이론적으로는 가능합니다. 그러나 무단 결근으로 인한 손해는 사실 거의 발생하지 않는 편이고 그 액수 인과관계의 입증등이 어려워 보통의 경우에는 인정되지 않습니다. (위 내용은 개략적이고 일반적인 내용을 설명드린 것으로 구체적인 내용에 따라 다를 수는 있습니다. 실제로 일방적인 퇴사통보 후 무단결근으로 인해 손해배상청구가 인정된 사례가 있습니다.) 우선 회사에 퇴사통보를 하여 원만하게 퇴사일을 잡는 것이 가장 안전할 것입니다.,None,assistant,ko,0,null,False,null,False,null,{ toxicity: 0.0 severe_toxicity: 0.0 obscene: 0.0 identity_attack: 0.0 insult: 0.0 threat: 0.0 sexual_explicit: 0.0 },663c910c-67b1-4d8c-ac0c-dd969fc3a32c,ready_for_export,{ name: [ _skip_labeling ] count: [ 2 ] },{ name: [ spam lang_mismatch pii not_appropriate hate_speech sexual_content quality toxicity humor creativity violence ] value: [ 0 0 0 0 0 0 0.5833333333333334 0.08333333333333333 0.08333333333333333 0.4166666666666667 0 ] count: [ 3 3 3 3 3 3 3 3 3 3 3 ] },https://www.lawtalk.co.kr/qna/433701,이창민 변호사
6b5fa77d-3f00-4151-b0a4-41eb39d5aba8,null,caf40f39-bd85-4912-9e90-18652b03dd3f,2024-08-07T10:51:19.993978+09:00,미성년자와의 성적 채팅 대응 방법.,미성년자와의 성적 채팅 대응 방법.,None,prompter,ko,0,null,False,null,False,null,{ toxicity: 0.0 severe_toxicity: 0.0 obscene: 0.0 identity_attack: 0.0 insult: 0.0 threat: 0.0 sexual_explicit: 0.0 },6b5fa77d-3f00-4151-b0a4-41eb39d5aba8,ready_for_export,{ name: [ _skip_labeling ] count: [ 2 ] },{ name: [ spam lang_mismatch pii not_appropriate hate_speech sexual_content quality toxicity humor creativity violence ] value: [ 0 0 0 0 0 0 0.5833333333333334 0.08333333333333333 0.08333333333333333 0.4166666666666667 0 ] count: [ 3 3 3 3 3 3 3 3 3 3 3 ] },https://www.lawtalk.co.kr/qna/433509,
8bae85d2-019f-4b59-b3e0-3ebeaa77d180,6b5fa77d-3f00-4151-b0a4-41eb39d5aba8,848e0f06-74f0-4152-8c4d-f763245e89e4,2024-08-07T10:51:19.993978+09:00,null,미성년자 사칭이면 고소는 할 수 있겠으나 고소인 조사에서 발각될 것이기에 걱정할 일은 없습니다. 대화의 내용에 따라 다른데 상대의 나이와 대화내용에 따라 다르지만 벌금형도 있습니다. 합의금은 가해자의 능력 처벌의 심각성 피해자의 의사에 따라 달라지므로 현 단계에서 예상하기 어렵습니다.,None,assistant,ko,0,null,False,null,False,null,{ toxicity: 0.0 severe_toxicity: 0.0 obscene: 0.0 identity_attack: 0.0 insult: 0.0 threat: 0.0 sexual_explicit: 0.0 },6b5fa77d-3f00-4151-b0a4-41eb39d5aba8,ready_for_export,{ name: [ _skip_labeling ] count: [ 2 ] },{ name: [ spam lang_mismatch pii not_appropriate hate_speech sexual_content quality toxicity humor creativity violence ] value: [ 0 0 0 0 0 0 0.5833333333333334 0.08333333333333333 0.08333333333333333 0.4166666666666667 0 ] count: [ 3 3 3 3 3 3 3 3 3 3 3 ] },https://www.lawtalk.co.kr/qna/433509,신정현 변호사
81f39a33-bc0e-4d86-954f-8c198668592f,null,c04eec67-164b-43b1-b596-c8c06bdbbf8d,2024-08-07T10:51:19.993978+09:00,미성년자 특수절도 기소유예 이후 학폭관련 폭행금품갈취로 신고된 상황에 대한 조언.,미성년자 특수절도 기소유예 이후 학폭관련 폭행금품갈취로 신고된 상황에 대한 조언.,None,prompter,ko,0,null,False,null,False,null,{ toxicity: 0.0 severe_toxicity: 0.0 obscene: 0.0 identity_attack: 0.0 insult: 0.0 threat: 0.0 sexual_explicit: 0.0 },81f39a33-bc0e-4d86-954f-8c198668592f,ready_for_export,{ name: [ _skip_labeling ] count: [ 2 ] },{ name: [ spam lang_mismatch pii not_appropriate hate_speech sexual_content quality toxicity humor creativity violence ] value: [ 0 0 0 0 0 0 0.5833333333333334 0.08333333333333333 0.08333333333333333 0.4166666666666667 0 ] count: [ 3 3 3 3 3 3 3 3 3 3 3 ] },https://www.lawtalk.co.kr/qna/432314,
6ae9f016-ab6f-4efe-8360-cb01b75f862a,81f39a33-bc0e-4d86-954f-8c198668592f,9dc4477b-759d-4f36-8191-11d27f3939d1,2024-08-07T10:51:19.993978+09:00,null,저희 법률사무소는 15년 이상 학교폭력 전담 장학사 출신 전문위원과 함께 합니다. 학교폭력위원회를 제대로 대비하지 않으면 생활기록부 기재는 물론 상급학교 진학에 대한 불이익 그리고 자칫 형사사건과 민사소송까지 이어질 수 있습니다. 따라서 이러한 사안은 무엇보다 학교폭력 사건 관련 경험이 많은 변호사로부터 조력을 받아야 합니다. 이는 가해학생뿐만 아니라 피해학생까지도 마찬가지이며 특히 학교폭력위원회는 노력한 이에게 결과가 좋을 수밖에 없습니다. 대리인의견서 제출은 물론 위원회 전 시뮬레이션 그리고 위원회 동석까지 전방위적인 케어를 해드리겠습니다. 상담신청시 [대한변호사협회 인증 형사전문 대표변호사] 및 [학교폭력 전담 장학사 출신 전문위원]이 함께 합니다. [법률사무소 가호 이진채 대표변호사] - 대한변호사협회 인증 형사전문 변호사 - 대한변호사협회 인증 가사전문 변호사 -중앙지방검찰청 방위사업수사부 출신 - 대형로펌 파트너변호사 출신 - 국방부검찰단 군검사 출신 - 제2작전사령부 검찰부장 출신 - 국방부 성희롱 예방교육 강연,None,assistant,ko,0,null,False,null,False,null,{ toxicity: 0.0 severe_toxicity: 0.0 obscene: 0.0 identity_attack: 0.0 insult: 0.0 threat: 0.0 sexual_explicit: 0.0 },81f39a33-bc0e-4d86-954f-8c198668592f,ready_for_export,{ name: [ _skip_labeling ] count: [ 2 ] },{ name: [ spam lang_mismatch pii not_appropriate hate_speech sexual_content quality toxicity humor creativity violence ] value: [ 0 0 0 0 0 0 0.5833333333333334 0.08333333333333333 0.08333333333333333 0.4166666666666667 0 ] count: [ 3 3 3 3 3 3 3 3 3 3 3 ] },https://www.lawtalk.co.kr/qna/432314,이진채 변호사
422dc4c2-2021-47da-a104-d4a1c3c01df9,null,2d198924-ef2f-4423-bed2-7733a57df5f5,2024-08-07T10:51:19.993978+09:00,대여금 관련 민사소송 상담에 대한 조언.,대여금 관련 민사소송 상담에 대한 조언.,None,prompter,ko,0,null,False,null,False,null,{ toxicity: 0.0 severe_toxicity: 0.0 obscene: 0.0 identity_attack: 0.0 insult: 0.0 threat: 0.0 sexual_explicit: 0.0 },422dc4c2-2021-47da-a104-d4a1c3c01df9,ready_for_export,{ name: [ _skip_labeling ] count: [ 2 ] },{ name: [ spam lang_mismatch pii not_appropriate hate_speech sexual_content quality toxicity humor creativity violence ] value: [ 0 0 0 0 0 0 0.5833333333333334 0.08333333333333333 0.08333333333333333 0.4166666666666667 0 ] count: [ 3 3 3 3 3 3 3 3 3 3 3 ] },https://www.lawtalk.co.kr/qna/433697,
a5294294-7323-4d58-90c8-c7eed7fb99d6,422dc4c2-2021-47da-a104-d4a1c3c01df9,03aaa489-9b7e-4a60-97b9-c6ea277d4a68,2024-08-07T10:51:19.993978+09:00,null,안녕하세요 오엔법률사무소 대표변호사입니다. 사안의 경우 어머니는 일종의 중개 역할만 한 것으로 보입니다. 이러한 부분을 잘 주장하면 어머니에 대한 청구는 기각됩니다. 어머니가 소송에서 빠지는 방법은 상대방이 어머니에 대한 소를 취하하는 것 뿐이어서 사실상 소송에서 빠질 수는 없습니다. 소송에 응소하여 청구를 기각시켜야 합니다. 관련해서 연락주시면 향후절차나 대응방향 등에 대해 상세히 안내드리겠습니다.,None,assistant,ko,0,null,False,null,False,null,{ toxicity: 0.0 severe_toxicity: 0.0 obscene: 0.0 identity_attack: 0.0 insult: 0.0 threat: 0.0 sexual_explicit: 0.0 },422dc4c2-2021-47da-a104-d4a1c3c01df9,ready_for_export,{ name: [ _skip_labeling ] count: [ 2 ] },{ name: [ spam lang_mismatch pii not_appropriate hate_speech sexual_content quality toxicity humor creativity violence ] value: [ 0 0 0 0 0 0 0.5833333333333334 0.08333333333333333 0.08333333333333333 0.4166666666666667 0 ] count: [ 3 3 3 3 3 3 3 3 3 3 3 ] },https://www.lawtalk.co.kr/qna/433697,백서준 변호사
ce851f41-0260-438b-bb95-634e5bf5dd5c,null,828e2414-b2fa-4297-a51e-102bcf3b2554,2024-08-07T10:51:19.994975+09:00,회사 회식에서의 성추행 사건 상담.,회사 회식에서의 성추행 사건 상담.,None,prompter,ko,0,null,False,null,False,null,{ toxicity: 0.0 severe_toxicity: 0.0 obscene: 0.0 identity_attack: 0.0 insult: 0.0 threat: 0.0 sexual_explicit: 0.0 },ce851f41-0260-438b-bb95-634e5bf5dd5c,ready_for_export,{ name: [ _skip_labeling ] count: [ 2 ] },{ name: [ spam lang_mismatch pii not_appropriate hate_speech sexual_content quality toxicity humor creativity violence ] value: [ 0 0 0 0 0 0 0.5833333333333334 0.08333333333333333 0.08333333333333333 0.4166666666666667 0 ] count: [ 3 3 3 3 3 3 3 3 3 3 3 ] },https://www.lawtalk.co.kr/qna/433004,
472fc723-01df-463a-9be1-5d6a399e8acc,ce851f41-0260-438b-bb95-634e5bf5dd5c,9172fd6d-ae48-4bc1-b959-28f2f0c8008a,2024-08-07T10:51:19.994975+09:00,null,긴급한 성범죄 사안으로 지금 바로 상담 가능합니다. 상담신청시 시간 무관하게 전화드리겠습니다. 이 사안은 중대한 혐의로 무엇보다 수사절차와 변호전략을 제대로 아는 형사전문 변호사의 도움이 필요합니다.중앙지방검찰청 특수부에서 대형비리범죄에 대한 수사를 한 적도 있고 반대로 대형로펌에서 형사사건에 대한 변호도 한 적이 있습니다. 공격과 방어를 모두 알고 있는 경험과 전략으로 전방위적인 조력을 해드리겠습니다. 지금 바로 상담이 필요합니다. 상담신청시 [서울중앙지방검찰청 특수부 출신 대표변호사]가 직접 상담합니다. [법률사무소 가호 이진채 대표변호사] - 대한변호사협회 인증 형사전문 변호사 - 대한변호사협회 인증 가사전문 변호사 - 서울중앙지방검찰청 방위사업수사부 출신 - 대형로펌 파트너변호사 출신 - 국방부검찰단 군검사 출신 - 제2작전사령부 검찰부장 출신 - 국방부 성희롱 예방교육 강연,None,assistant,ko,0,null,False,null,False,null,{ toxicity: 0.0 severe_toxicity: 0.0 obscene: 0.0 identity_attack: 0.0 insult: 0.0 threat: 0.0 sexual_explicit: 0.0 },ce851f41-0260-438b-bb95-634e5bf5dd5c,ready_for_export,{ name: [ _skip_labeling ] count: [ 2 ] },{ name: [ spam lang_mismatch pii not_appropriate hate_speech sexual_content quality toxicity humor creativity violence ] value: [ 0 0 0 0 0 0 0.5833333333333334 0.08333333333333333 0.08333333333333333 0.4166666666666667 0 ] count: [ 3 3 3 3 3 3 3 3 3 3 3 ] },https://www.lawtalk.co.kr/qna/433004,이진채 변호사
86e5843c-9fbc-4c3a-933d-831917810b25,null,4d85465e-2a0c-42a2-b629-586154ff6700,2024-08-07T10:51:19.994975+09:00,투자금 회수에 실패한 사업 협력 관련 상담.,투자금 회수에 실패한 사업 협력 관련 상담.,None,prompter,ko,0,null,False,null,False,null,{ toxicity: 0.0 severe_toxicity: 0.0 obscene: 0.0 identity_attack: 0.0 insult: 0.0 threat: 0.0 sexual_explicit: 0.0 },86e5843c-9fbc-4c3a-933d-831917810b25,ready_for_export,{ name: [ _skip_labeling ] count: [ 2 ] },{ name: [ spam lang_mismatch pii not_appropriate hate_speech sexual_content quality toxicity humor creativity violence ] value: [ 0 0 0 0 0 0 0.5833333333333334 0.08333333333333333 0.08333333333333333 0.4166666666666667 0 ] count: [ 3 3 3 3 3 3 3 3 3 3 3 ] },https://www.lawtalk.co.kr/qna/433676,
45c85c1d-824b-402b-bdbf-f46147f1fdf6,86e5843c-9fbc-4c3a-933d-831917810b25,848ffee3-2201-4d27-ad7d-791e3b07998f,2024-08-07T10:51:19.994975+09:00,null,안녕하세요. 법률사무소 명중 윤형진 대표변호사입니다. 투자계약서를 작성하지 않았다고 하더라도 투자금 반환 등에 대하여 약정을 하였다면 반환 청구가 가능합니다. 우선 카카오톡 전화녹음 파일 검토가 필요합니다. 해당 내용에 따라 투자금 반환 등 약정 사실이 인정될 경우 민사소송을 제기하시기 바랍니다. 그리고 상대방의 부동산 예금채권 등 재산이 있다면 가압류도 진행하시는 것이 안전합니다. 자세한 상담을 원하시면 관련 자료(카카오톡 녹음파일 등) 연락주시기 바랍니다. 정확한 승소가능성 최적의 대응방안 등에 대하여 보다 상세히 설명드리겠습니다.,None,assistant,ko,0,null,False,null,False,null,{ toxicity: 0.0 severe_toxicity: 0.0 obscene: 0.0 identity_attack: 0.0 insult: 0.0 threat: 0.0 sexual_explicit: 0.0 },86e5843c-9fbc-4c3a-933d-831917810b25,ready_for_export,{ name: [ _skip_labeling ] count: [ 2 ] },{ name: [ spam lang_mismatch pii not_appropriate hate_speech sexual_content quality toxicity humor creativity violence ] value: [ 0 0 0 0 0 0 0.5833333333333334 0.08333333333333333 0.08333333333333333 0.4166666666666667 0 ] count: [ 3 3 3 3 3 3 3 3 3 3 3 ] },https://www.lawtalk.co.kr/qna/433676,윤형진 변호사
4b27e371-fd7d-4bdd-9966-1907e9575f7d,null,b9fcb50e-b75f-4c61-8353-63d73073b29a,2024-08-07T10:51:19.994975+09:00,주식 리딩방 사기로 인한 채무 상담.,주식 리딩방 사기로 인한 채무 상담.,None,prompter,ko,0,null,False,null,False,null,{ toxicity: 0.0 severe_toxicity: 0.0 obscene: 0.0 identity_attack: 0.0 insult: 0.0 threat: 0.0 sexual_explicit: 0.0 },4b27e371-fd7d-4bdd-9966-1907e9575f7d,ready_for_export,{ name: [ _skip_labeling ] count: [ 2 ] },{ name: [ spam lang_mismatch pii not_appropriate hate_speech sexual_content quality toxicity humor creativity violence ] value: [ 0 0 0 0 0 0 0.5833333333333334 0.08333333333333333 0.08333333333333333 0.4166666666666667 0 ] count: [ 3 3 3 3 3 3 3 3 3 3 3 ] },https://www.lawtalk.co.kr/qna/433635,
743f4644-3fd6-4141-b6dc-2293ebb7b060,4b27e371-fd7d-4bdd-9966-1907e9575f7d,aef3f992-8a8f-4a14-be9b-a43ac22d9d39,2024-08-07T10:51:19.994975+09:00,null,안녕하세요 법률사무소 필승의 <김준환 대표변호사>입니다 1.리딩 사기에 대하여 상대방이 금전을 지급받을 당시 말한 금전의 용도와 달리 실제로는 도박 채무 상황 등에 사용을 하였다면 사기죄가 성립될 가능성이 높습니다.또한 상대방이 반환을 약속한 날짜까지 돈을 돌려줄 수 있는 능력이 없었거나 말하지 않은 채무 등이 있었다면 이 역시 기망행위가 인정되어 사기죄가 성립될 수 있습니다 2.문의주신 사항에 대하여 의뢰인님과 같이 리딩을 이유로 금전을 요구하는 사건은 사기죄가 성립될 가능성이 높습니다.또한 의뢰인님에게 금전을 요구한 주동자들뿐 아니라 계좌주인들 역시 전자금융거래법위반 혹은 사기죄의 방조범이 인정될 가능성이 높습니다.따라서 주동자들뿐 아니라 계좌주인도 함께 고소하는 것이 필요합니다 한편 이 경우 수사기관이 가해자들을 찾지 못하는 경우도 있지만 경찰검찰의 적극적인 수사를 통해 주동자 및 계좌주인들의 정보가 확인되어 피해 금액을 회복 받는 경우도 있습니다 따라서 수사기관이 적극적으로 주동자들 및 계좌주인에 대한 수사를 진행하여 이들을 찾아내고 의뢰인님의 피해 금액을 회복 받는 것이 필요합니다 그러므로 다양한 리딩 사기 고소 대리 사건들의 진행 경험이 풍부한 변호사를 통해 형사고소를 진행하시어 수사기관이 주동자 및 계좌주인에 대한 꼼꼼한 수사를 진행하게끔 하시고 이로 인해 가해자들이 처벌될 위기에 놓여 스스로 금전을 반환하도록 하는 것이 필요합니다 <김준환 대표변호사>는 -의뢰인님들이 직접 작성하신“1500건 이상의 상담 후기”로 전문성과 실력이“확실히 검증된” 변호사입니다 -“단 한명의 사무장과도 업무를 진행하지 않으므로” 모든 절차를 변호사가 직접 꼼꼼하고 안전하게 진행합니다 -사무장 수수료가 전혀 존재하지 않아“거품없는 비용”으로 최고의 서비스를 제공합니다 -적극적이고 꼼꼼한 사건 진행을 통해 “다양한 사기죄 고소 사건들을 성공적으로 진행한 경험”이 있습니다,None,assistant,ko,0,null,False,null,False,null,{ toxicity: 0.0 severe_toxicity: 0.0 obscene: 0.0 identity_attack: 0.0 insult: 0.0 threat: 0.0 sexual_explicit: 0.0 },4b27e371-fd7d-4bdd-9966-1907e9575f7d,ready_for_export,{ name: [ _skip_labeling ] count: [ 2 ] },{ name: [ spam lang_mismatch pii not_appropriate hate_speech sexual_content quality toxicity humor creativity violence ] value: [ 0 0 0 0 0 0 0.5833333333333334 0.08333333333333333 0.08333333333333333 0.4166666666666667 0 ] count: [ 3 3 3 3 3 3 3 3 3 3 3 ] },https://www.lawtalk.co.kr/qna/433635,김준환 변호사
79395596-b7e0-4f7c-b185-60cd30968213,null,4f3c1519-3e06-4945-8179-2ac484fbe08d,2024-08-07T10:51:19.999933+09:00,준강간 손배소 시효에 대한 상담.,준강간 손배소 시효에 대한 상담.,None,prompter,ko,0,null,False,null,False,null,{ toxicity: 0.0 severe_toxicity: 0.0 obscene: 0.0 identity_attack: 0.0 insult: 0.0 threat: 0.0 sexual_explicit: 0.0 },79395596-b7e0-4f7c-b185-60cd30968213,ready_for_export,{ name: [ _skip_labeling ] count: [ 2 ] },{ name: [ spam lang_mismatch pii not_appropriate hate_speech sexual_content quality toxicity humor creativity violence ] value: [ 0 0 0 0 0 0 0.5833333333333334 0.08333333333333333 0.08333333333333333 0.4166666666666667 0 ] count: [ 3 3 3 3 3 3 3 3 3 3 3 ] },https://www.lawtalk.co.kr/qna/432959,
9a0ce888-b817-499d-a5c5-761a8df4326b,79395596-b7e0-4f7c-b185-60cd30968213,0d997f33-6c5c-4104-9dce-3811c1f8510d,2024-08-07T10:51:19.994975+09:00,null,준강간 특성상 범죄 사실을 뒤늦게 알게 된다면 그 시효 기산점이 달라질 수는 있습니다. 따라서 구체적인 사실관계 기반으로 상담이 가능하며 주말 지금도 가능합니다. 이 사안은 중대한 혐의로 무엇보다 수사절차와 변호전략을 제대로 아는 형사전문 변호사의 도움이 필요합니다.중앙지방검찰청 특수부에서 대형비리범죄에 대한 수사를 한 적도 있고 반대로 대형로펌에서 형사사건에 대한 변호도 한 적이 있습니다. 공격과 방어를 모두 알고 있는 경험과 전략으로 전방위적인 조력을 해드리겠습니다. 지금 바로 상담이 필요합니다. 상담신청시 [서울중앙지방검찰청 특수부 출신 대표변호사]가 직접 상담합니다. [법률사무소 가호 이진채 대표변호사] - 대한변호사협회 인증 형사전문 변호사 - 대한변호사협회 인증 가사전문 변호사 - 서울중앙지방검찰청 방위사업수사부 출신 - 대형로펌 파트너변호사 출신 - 국방부검찰단 군검사 출신 - 제2작전사령부 검찰부장 출신 - 국방부 성희롱 예방교육 강연,None,assistant,ko,0,null,False,null,False,null,{ toxicity: 0.0 severe_toxicity: 0.0 obscene: 0.0 identity_attack: 0.0 insult: 0.0 threat: 0.0 sexual_explicit: 0.0 },79395596-b7e0-4f7c-b185-60cd30968213,ready_for_export,{ name: [ _skip_labeling ] count: [ 2 ] },{ name: [ spam lang_mismatch pii not_appropriate hate_speech sexual_content quality toxicity humor creativity violence ] value: [ 0 0 0 0 0 0 0.5833333333333334 0.08333333333333333 0.08333333333333333 0.4166666666666667 0 ] count: [ 3 3 3 3 3 3 3 3 3 3 3 ] },https://www.lawtalk.co.kr/qna/432959,이진채 변호사
106e4b30-33c2-4723-9140-88211cbe404f,null,548aecc3-2eb0-456d-86ae-b9f551113f50,2024-08-07T10:51:19.994975+09:00,엔터 계약 시 계약서 미수령에 대한 해결 방안.,엔터 계약 시 계약서 미수령에 대한 해결 방안.,None,prompter,ko,0,null,False,null,False,null,{ toxicity: 0.0 severe_toxicity: 0.0 obscene: 0.0 identity_attack: 0.0 insult: 0.0 threat: 0.0 sexual_explicit: 0.0 },106e4b30-33c2-4723-9140-88211cbe404f,ready_for_export,{ name: [ _skip_labeling ] count: [ 2 ] },{ name: [ spam lang_mismatch pii not_appropriate hate_speech sexual_content quality toxicity humor creativity violence ] value: [ 0 0 0 0 0 0 0.5833333333333334 0.08333333333333333 0.08333333333333333 0.4166666666666667 0 ] count: [ 3 3 3 3 3 3 3 3 3 3 3 ] },https://www.lawtalk.co.kr/qna/433643,
47bff633-3e60-4400-b955-3d94fddae0d8,106e4b30-33c2-4723-9140-88211cbe404f,0157bb0f-80c8-4f56-8cb8-401b5c4fdd8d,2024-08-07T10:51:19.994975+09:00,null,1. 계약서 사본이 있으니 그 사본을 가지고 계약 조항을 살펴 해지 사유가 존재하면 거기에 맞춰 해지 하시면 됩니다. 그것이 아니고 처음 말할 때와 다른 사정이 존재하면 착오 등을 이유로 계약 취소도 검토할 수 있습니다. 2. 구체적인 상담을 거친 답변이 아니오니 참고만 하시고 궁금하신 사항은 연락주세요.,None,assistant,ko,0,null,False,null,False,null,{ toxicity: 0.0 severe_toxicity: 0.0 obscene: 0.0 identity_attack: 0.0 insult: 0.0 threat: 0.0 sexual_explicit: 0.0 },106e4b30-33c2-4723-9140-88211cbe404f,ready_for_export,{ name: [ _skip_labeling ] count: [ 2 ] },{ name: [ spam lang_mismatch pii not_appropriate hate_speech sexual_content quality toxicity humor creativity violence ] value: [ 0 0 0 0 0 0 0.5833333333333334 0.08333333333333333 0.08333333333333333 0.4166666666666667 0 ] count: [ 3 3 3 3 3 3 3 3 3 3 3 ] },https://www.lawtalk.co.kr/qna/433643,백창협 변호사
8ec6d203-724d-4de9-a99b-957c5c093589,null,a068a2bb-a388-468a-ab00-00ea0d5194c4,2024-08-07T10:51:19.999933+09:00,통매음 리그오브레전드 대응 방법.,통매음 리그오브레전드 대응 방법.,None,prompter,ko,0,null,False,null,False,null,{ toxicity: 0.0 severe_toxicity: 0.0 obscene: 0.0 identity_attack: 0.0 insult: 0.0 threat: 0.0 sexual_explicit: 0.0 },8ec6d203-724d-4de9-a99b-957c5c093589,ready_for_export,{ name: [ _skip_labeling ] count: [ 2 ] },{ name: [ spam lang_mismatch pii not_appropriate hate_speech sexual_content quality toxicity humor creativity violence ] value: [ 0 0 0 0 0 0 0.5833333333333334 0.08333333333333333 0.08333333333333333 0.4166666666666667 0 ] count: [ 3 3 3 3 3 3 3 3 3 3 3 ] },https://www.lawtalk.co.kr/qna/433583,
4499bf2a-6d16-4c20-aff6-f63ba0a26770,8ec6d203-724d-4de9-a99b-957c5c093589,67c2d5af-a861-43bf-8f74-ec4574d16a8a,2024-08-07T10:51:19.995973+09:00,null,안녕하세요. 형사전문 허소현 변호사입니다. 경찰조사 시 전문변호인과 함께 출석하시는 것이 좋을 듯 합니다. 직접 상담을 도와드리고 있습니다. 문의하신 위 내용에 대하여 관련사건의 경험이 많은 전문변호사의 상담을 권유드립니다. [법무법인 김앤파트너스 허소현 변호사] - 대한변호사협회 [형사법] 전문변호사 - 동부교육청 학교폭력 심의위원 -중앙지방법원 국선변호인 - 성폭력위기센터 위촉변호사 - 언론중재위원회 자문변호사 - 한국도로공사 자문변호사,None,assistant,ko,0,null,False,null,False,null,{ toxicity: 0.0 severe_toxicity: 0.0 obscene: 0.0 identity_attack: 0.0 insult: 0.0 threat: 0.0 sexual_explicit: 0.0 },8ec6d203-724d-4de9-a99b-957c5c093589,ready_for_export,{ name: [ _skip_labeling ] count: [ 2 ] },{ name: [ spam lang_mismatch pii not_appropriate hate_speech sexual_content quality toxicity humor creativity violence ] value: [ 0 0 0 0 0 0 0.5833333333333334 0.08333333333333333 0.08333333333333333 0.4166666666666667 0 ] count: [ 3 3 3 3 3 3 3 3 3 3 3 ] },https://www.lawtalk.co.kr/qna/433583,허소현 변호사
2ce63827-f305-4c5a-9686-6260acc8322e,null,9ad0ccd5-0e67-4bb1-868e-68e6c7cfd2c6,2024-08-07T10:51:19.999933+09:00,로맨스 스캠으로 인한 사기 피해와 재수사 가능성에 대한 상담.,로맨스 스캠으로 인한 사기 피해와 재수사 가능성에 대한 상담.,None,prompter,ko,0,null,False,null,False,null,{ toxicity: 0.0 severe_toxicity: 0.0 obscene: 0.0 identity_attack: 0.0 insult: 0.0 threat: 0.0 sexual_explicit: 0.0 },2ce63827-f305-4c5a-9686-6260acc8322e,ready_for_export,{ name: [ _skip_labeling ] count: [ 2 ] },{ name: [ spam lang_mismatch pii not_appropriate hate_speech sexual_content quality toxicity humor creativity violence ] value: [ 0 0 0 0 0 0 0.5833333333333334 0.08333333333333333 0.08333333333333333 0.4166666666666667 0 ] count: [ 3 3 3 3 3 3 3 3 3 3 3 ] },https://www.lawtalk.co.kr/qna/433584,
b3f16221-c820-41c8-9448-c4f0aaf3488c,2ce63827-f305-4c5a-9686-6260acc8322e,8dc130a2-742a-4d86-8dbc-506d262924a6,2024-08-07T10:51:19.995973+09:00,null,매우 안타까운 상황에 놓이신 점 먼저 위로의 말씀을 드립니다. 적은 금액은 아니지만 신체나 생명을 훼손할 정도는 아니라고 단호하게 말씀드리고 싶습니다. 먼저 2년전 고소장이 접수되었을 때 변호사의 조력을 얻으셨는지 여부를 확인하여야 할 것 같습니다. 피의자를 특정하기 어려워 제대로 수사가 이루어지기 어려웠던것으로 보입니다. 불송치가 되었는지 기소중지가 되었는지 여부등은 확인이 추가로 이루어져야 합니다. 피해금액 보상에 대한 부분은 일부 내려놓으시고 범죄에 가담했던 대포통장 대여자에 대한 고소를 별도로 진행하심이 좋겠습니다. <이사백변호사 법률사무소> 제 이름을 가장 앞에 걸고 의뢰인의 처음과 끝을 함께 할 법률사무소를 설립하였습니다. 누구에게도 부끄럽지 않도록 노력할 것을 약속드립니다. 법률문제에 맞닥드린 그때 느낀 당혹스러움과 고통을 누구보다 잘 이해합니다. 다양한 경력을 이용해 문제의 본질을 빠르게 파악하고 여러가지 대응책을을 판단하여 알려드립니다. 자세한 내용은 프로필을 참고해 주시기 바랍니다. 법률문제가 발생하면 즉시 이사백변호사,None,assistant,ko,0,null,False,null,False,null,{ toxicity: 0.0 severe_toxicity: 0.0 obscene: 0.0 identity_attack: 0.0 insult: 0.0 threat: 0.0 sexual_explicit: 0.0 },2ce63827-f305-4c5a-9686-6260acc8322e,ready_for_export,{ name: [ _skip_labeling ] count: [ 2 ] },{ name: [ spam lang_mismatch pii not_appropriate hate_speech sexual_content quality toxicity humor creativity violence ] value: [ 0 0 0 0 0 0 0.5833333333333334 0.08333333333333333 0.08333333333333333 0.4166666666666667 0 ] count: [ 3 3 3 3 3 3 3 3 3 3 3 ] },https://www.lawtalk.co.kr/qna/433584,이사백 변호사
ea6c3ced-d10a-4766-86cd-7f24c980a85d,null,2768c73f-f6f5-4f76-9a58-1cf749fb8fe9,2024-08-07T10:51:19.999933+09:00,블로그 체험단과 명예훼손 고소 상담.,블로그 체험단과 명예훼손 고소 상담.,None,prompter,ko,0,null,False,null,False,null,{ toxicity: 0.0 severe_toxicity: 0.0 obscene: 0.0 identity_attack: 0.0 insult: 0.0 threat: 0.0 sexual_explicit: 0.0 },ea6c3ced-d10a-4766-86cd-7f24c980a85d,ready_for_export,{ name: [ _skip_labeling ] count: [ 2 ] },{ name: [ spam lang_mismatch pii not_appropriate hate_speech sexual_content quality toxicity humor creativity violence ] value: [ 0 0 0 0 0 0 0.5833333333333334 0.08333333333333333 0.08333333333333333 0.4166666666666667 0 ] count: [ 3 3 3 3 3 3 3 3 3 3 3 ] },https://www.lawtalk.co.kr/qna/433602,
c556dbff-28be-4639-827e-9be325f2a426,ea6c3ced-d10a-4766-86cd-7f24c980a85d,5967a7ec-f6fa-4c92-a5fe-687eac66c175,2024-08-07T10:51:19.995973+09:00,null,명예훼손의 고의가 인정될 것으로 보입니다. 고소 진행하심이타당하나 관련해서 상대방이 올렸다는 글을 확인할 필요는 있습니다. 명예훼손 고소 및 민손해배상청구도 가능하오니 연락바랍니다. <이사백변호사 법률사무소> 제 이름을 가장 앞에 걸고 의뢰인의 처음과 끝을 함께 할 법률사무소를 설립하였습니다. 누구에게도 부끄럽지 않도록 노력할 것을 약속드립니다. 법률문제에 맞닥드린 그때 느낀 당혹스러움과 고통을 누구보다 잘 이해합니다. 다양한 경력을 이용해 문제의 본질을 빠르게 파악하고 여러가지 대응책을을 판단하여 알려드립니다. 자세한 내용은 프로필을 참고해 주시기 바랍니다. 법률문제가 발생하면 즉시 이사백변호사,None,assistant,ko,0,null,False,null,False,null,{ toxicity: 0.0 severe_toxicity: 0.0 obscene: 0.0 identity_attack: 0.0 insult: 0.0 threat: 0.0 sexual_explicit: 0.0 },ea6c3ced-d10a-4766-86cd-7f24c980a85d,ready_for_export,{ name: [ _skip_labeling ] count: [ 2 ] },{ name: [ spam lang_mismatch pii not_appropriate hate_speech sexual_content quality toxicity humor creativity violence ] value: [ 0 0 0 0 0 0 0.5833333333333334 0.08333333333333333 0.08333333333333333 0.4166666666666667 0 ] count: [ 3 3 3 3 3 3 3 3 3 3 3 ] },https://www.lawtalk.co.kr/qna/433602,이사백 변호사
f6891d27-4251-4acc-8ce3-e3a0a4b7b5a5,null,dfb7ad60-a66c-451d-81dd-71ae3809c2af,2024-08-07T10:51:20.000932+09:00,빌려준 돈 회수 가능성 (형사소송 결과 벌금형).,빌려준 돈 회수 가능성 (형사소송 결과 벌금형).,None,prompter,ko,0,null,False,null,False,null,{ toxicity: 0.0 severe_toxicity: 0.0 obscene: 0.0 identity_attack: 0.0 insult: 0.0 threat: 0.0 sexual_explicit: 0.0 },f6891d27-4251-4acc-8ce3-e3a0a4b7b5a5,ready_for_export,{ name: [ _skip_labeling ] count: [ 2 ] },{ name: [ spam lang_mismatch pii not_appropriate hate_speech sexual_content quality toxicity humor creativity violence ] value: [ 0 0 0 0 0 0 0.5833333333333334 0.08333333333333333 0.08333333333333333 0.4166666666666667 0 ] count: [ 3 3 3 3 3 3 3 3 3 3 3 ] },https://www.lawtalk.co.kr/qna/433625,
1bbe1a58-53fd-472f-81b7-15196d95f076,f6891d27-4251-4acc-8ce3-e3a0a4b7b5a5,31643c66-b03b-49f5-9e9a-dcf0326a5a33,2024-08-07T10:51:19.995973+09:00,null,1. 안타깝지만 자녀의 채무를 부모가 변제할 책임은 없습니다. x를 상대로 손해배상청구 소송을 진행하고 승소판결 후 임의지급이 없다면 강제집행을 하셔야 합니다. 2. 구체적인 상담을 거친 답변이 아니오니 참고만 하시고 궁금하신 사항은 연락주세요.,None,assistant,ko,0,null,False,null,False,null,{ toxicity: 0.0 severe_toxicity: 0.0 obscene: 0.0 identity_attack: 0.0 insult: 0.0 threat: 0.0 sexual_explicit: 0.0 },f6891d27-4251-4acc-8ce3-e3a0a4b7b5a5,ready_for_export,{ name: [ _skip_labeling ] count: [ 2 ] },{ name: [ spam lang_mismatch pii not_appropriate hate_speech sexual_content quality toxicity humor creativity violence ] value: [ 0 0 0 0 0 0 0.5833333333333334 0.08333333333333333 0.08333333333333333 0.4166666666666667 0 ] count: [ 3 3 3 3 3 3 3 3 3 3 3 ] },https://www.lawtalk.co.kr/qna/433625,백창협 변호사
6b891b05-4bc9-4fad-af57-1e3d45acdbb2,null,184b1777-e4ae-4b65-b0d6-feb5a048e3f5,2024-08-07T10:51:20.000932+09:00,회사 화장실 몰카 관련 문의.,회사 화장실 몰카 관련 문의.,None,prompter,ko,0,null,False,null,False,null,{ toxicity: 0.0 severe_toxicity: 0.0 obscene: 0.0 identity_attack: 0.0 insult: 0.0 threat: 0.0 sexual_explicit: 0.0 },6b891b05-4bc9-4fad-af57-1e3d45acdbb2,ready_for_export,{ name: [ _skip_labeling ] count: [ 2 ] },{ name: [ spam lang_mismatch pii not_appropriate hate_speech sexual_content quality toxicity humor creativity violence ] value: [ 0 0 0 0 0 0 0.5833333333333334 0.08333333333333333 0.08333333333333333 0.4166666666666667 0 ] count: [ 3 3 3 3 3 3 3 3 3 3 3 ] },https://www.lawtalk.co.kr/qna/433013,
ca45b289-75fe-4dd2-bae5-6c2e912a5e2a,6b891b05-4bc9-4fad-af57-1e3d45acdbb2,d69b43f9-1f43-455c-9c6b-9d59a05a9996,2024-08-07T10:51:19.995973+09:00,null,직접 피해를 당하셨다면 고소 발견만 하신 경우라면 고발의 형태로서 빠르게 법적조치가 필요합니다. 피해자가 많은 만큼 가해자는 중하게 처벌됩니다. 상담신청시 [수사와 변호를 모두 해본 대형로펌 파트너변호사 출신 대표변호사]가 직접 상담합니다. [법률사무소 가호 이진채 대표변호사] - 대한변호사협회 인증 형사전문 변호사 - 대한변호사협회 인증 가사전문 변호사 - 대형로펌 파트너변호사 출신 -중앙지방검찰청 방위사업수사부 출신 - 국방부검찰단 군검사 - 장기군법무관 수석임관 - 한국타이어앤테크놀로지(주) 법무팀 - 국방부 성희롱 예방교육 강의,None,assistant,ko,0,null,False,null,False,null,{ toxicity: 0.0 severe_toxicity: 0.0 obscene: 0.0 identity_attack: 0.0 insult: 0.0 threat: 0.0 sexual_explicit: 0.0 },6b891b05-4bc9-4fad-af57-1e3d45acdbb2,ready_for_export,{ name: [ _skip_labeling ] count: [ 2 ] },{ name: [ spam lang_mismatch pii not_appropriate hate_speech sexual_content quality toxicity humor creativity violence ] value: [ 0 0 0 0 0 0 0.5833333333333334 0.08333333333333333 0.08333333333333333 0.4166666666666667 0 ] count: [ 3 3 3 3 3 3 3 3 3 3 3 ] },https://www.lawtalk.co.kr/qna/433013,이진채 변호사
9b68e266-742b-415e-94ce-e3c3d615129e,null,005893c5-0dab-4108-9b11-ecfdf5f6cf38,2024-08-07T10:51:20.001940+09:00,댓글 명예훼손 고소와 기소유예에 대한 상담.,댓글 명예훼손 고소와 기소유예에 대한 상담.,None,prompter,ko,0,null,False,null,False,null,{ toxicity: 0.0 severe_toxicity: 0.0 obscene: 0.0 identity_attack: 0.0 insult: 0.0 threat: 0.0 sexual_explicit: 0.0 },9b68e266-742b-415e-94ce-e3c3d615129e,ready_for_export,{ name: [ _skip_labeling ] count: [ 2 ] },{ name: [ spam lang_mismatch pii not_appropriate hate_speech sexual_content quality toxicity humor creativity violence ] value: [ 0 0 0 0 0 0 0.5833333333333334 0.08333333333333333 0.08333333333333333 0.4166666666666667 0 ] count: [ 3 3 3 3 3 3 3 3 3 3 3 ] },https://www.lawtalk.co.kr/qna/433558,
2b1957fd-55cc-4441-b128-1813f75312c9,9b68e266-742b-415e-94ce-e3c3d615129e,6f1f42e7-e7b2-405c-99ac-fa12d7afaea7,2024-08-07T10:51:19.996969+09:00,null,발언 내용 자체만 보면 명예훼손의 여지가 충분히 있습니다. 따라서 이 사건에 관련된 발언의 배경 경위 이런 것들을 자세하게 소명을 해서 최대한 관대한 처벌을 받을 수 있도록 노력을 해야 됩니다. 기소유예를 받을 경우 별도의 벌금은 없습니다. 지금 바로 상담이 가능합니다. 상담신청시 [수사와 변호를 모두 해본 대형로펌 파트너변호사 출신 대표변호사]가 직접 상담합니다. [법률사무소 가호 이진채 대표변호사] - 대한변호사협회 인증 형사전문 변호사 - 대한변호사협회 인증 가사전문 변호사 - 대형로펌 파트너변호사 출신 -중앙지방검찰청 방위사업수사부 출신 - 국방부검찰단 군검사 - 장기군법무관 수석임관 - 한국타이어앤테크놀로지(주) 법무팀 - 국방부 성희롱 예방교육 강의,None,assistant,ko,0,null,False,null,False,null,{ toxicity: 0.0 severe_toxicity: 0.0 obscene: 0.0 identity_attack: 0.0 insult: 0.0 threat: 0.0 sexual_explicit: 0.0 },9b68e266-742b-415e-94ce-e3c3d615129e,ready_for_export,{ name: [ _skip_labeling ] count: [ 2 ] },{ name: [ spam lang_mismatch pii not_appropriate hate_speech sexual_content quality toxicity humor creativity violence ] value: [ 0 0 0 0 0 0 0.5833333333333334 0.08333333333333333 0.08333333333333333 0.4166666666666667 0 ] count: [ 3 3 3 3 3 3 3 3 3 3 3 ] },https://www.lawtalk.co.kr/qna/433558,이진채 변호사
012b7010-0827-4228-a395-8ef4c7af8717,null,370e8625-007a-4c6e-bdda-eee6bfe1a1c2,2024-08-07T10:51:20.001940+09:00,헤어진 이성과의 문제 상담글.,헤어진 이성과의 문제 상담글.,None,prompter,ko,0,null,False,null,False,null,{ toxicity: 0.0 severe_toxicity: 0.0 obscene: 0.0 identity_attack: 0.0 insult: 0.0 threat: 0.0 sexual_explicit: 0.0 },012b7010-0827-4228-a395-8ef4c7af8717,ready_for_export,{ name: [ _skip_labeling ] count: [ 2 ] },{ name: [ spam lang_mismatch pii not_appropriate hate_speech sexual_content quality toxicity humor creativity violence ] value: [ 0 0 0 0 0 0 0.5833333333333334 0.08333333333333333 0.08333333333333333 0.4166666666666667 0 ] count: [ 3 3 3 3 3 3 3 3 3 3 3 ] },https://www.lawtalk.co.kr/qna/433607,
96e7cda2-3f93-4d04-aabe-557b84fc7d53,012b7010-0827-4228-a395-8ef4c7af8717,1fe5baa1-d369-40ed-8679-c6cbe78a946b,2024-08-07T10:51:19.996969+09:00,null,헤어진 남자친구가 동의 없이 촬영한 성관계 영상을 유포하겠다고 협박하는 행위는 명백한 범죄행위입니다. 이에 대해서는 엄중히 대처하셔야 할 것 같습니다. 우선 전 남자친구의 행위는 아래와 같은 죄에 해당할 수 있습니다. -성폭력범죄의 처벌 등에 관한 특례법 위반(카메라등이용촬영) 상대방의 동의 없이 성적 욕망 또는 수치심을 유발할 수 있는 타인의 신체를 촬영한 경우(제14조 제1항) 성폭력범죄의 처벌 등에 관한 특례법 위반(촬영물 등을 이용한 협박강요) 성적 욕망 또는 수치심을 유발할 수 있는 촬영물 또는 복제물을 이용하여 사람을 협박한 경우(제14조의2) -정보통신망법 위반 정보통신망을 통해 음란한 부호문언음향화상 또는 영상을 배포판매임대하거나 공공연하게 전시한 경우(제44조의7 제1항 제1호) 따라서 전 남자친구를 성폭력 및 정보통신망법 위반 혐의로 고소하실 수 있습니다. 또한 전 남자친구가 유포 협박을 하며 금전을 요구한 점이 있다면 공갈 혐의로도 고소 가능합니다. 아울러 전 남자친구가 유포 협박을 하며 만남을 요구하는 등 지속적으로 연락을 시도한다면 스토킹처벌법 위반에도 해당할 수 있습니다. 따라서 변호사의 도움을 받아 고소장을 작성하시고 증거자료(문자내용 통화내역 등)를 경찰에 제출하시는 것이 좋겠습니다. 전문가의 도움을 받아 침착하게 대응하신다면 반드시 전 남자친구의 불법행위에 대해 법적 책임을 물을 수 있을 것입니다. 힘내시고 필요하시다면 법률사무소덕승재 정석원변호사의 조력을 받으시기 바랍니다.,None,assistant,ko,0,null,False,null,False,null,{ toxicity: 0.0 severe_toxicity: 0.0 obscene: 0.0 identity_attack: 0.0 insult: 0.0 threat: 0.0 sexual_explicit: 0.0 },012b7010-0827-4228-a395-8ef4c7af8717,ready_for_export,{ name: [ _skip_labeling ] count: [ 2 ] },{ name: [ spam lang_mismatch pii not_appropriate hate_speech sexual_content quality toxicity humor creativity violence ] value: [ 0 0 0 0 0 0 0.5833333333333334 0.08333333333333333 0.08333333333333333 0.4166666666666667 0 ] count: [ 3 3 3 3 3 3 3 3 3 3 3 ] },https://www.lawtalk.co.kr/qna/433607,정석원 변호사
7f3d3687-9ce8-46b0-8514-ff7684e8b74a,null,8a3b5a83-e850-43c5-89b5-5e7311592140,2024-08-07T10:51:19.996969+09:00,성추행 고소 가능성에 대한 상담.,성추행 고소 가능성에 대한 상담.,None,prompter,ko,0,null,False,null,False,null,{ toxicity: 0.0 severe_toxicity: 0.0 obscene: 0.0 identity_attack: 0.0 insult: 0.0 threat: 0.0 sexual_explicit: 0.0 },7f3d3687-9ce8-46b0-8514-ff7684e8b74a,ready_for_export,{ name: [ _skip_labeling ] count: [ 2 ] },{ name: [ spam lang_mismatch pii not_appropriate hate_speech sexual_content quality toxicity humor creativity violence ] value: [ 0 0 0 0 0 0 0.5833333333333334 0.08333333333333333 0.08333333333333333 0.4166666666666667 0 ] count: [ 3 3 3 3 3 3 3 3 3 3 3 ] },https://www.lawtalk.co.kr/qna/433150,
2a54c61e-9db6-48c1-adea-578f4fd1e160,7f3d3687-9ce8-46b0-8514-ff7684e8b74a,63ebb1b9-5d68-4213-a091-c307a5f44175,2024-08-07T10:51:19.996969+09:00,null,강제추행 고소 바로 가능합니다. 질문자분의 기억과 진술도 증거이며 이를 기반으로 강력한 고소와 상대방 협상까지 해드리겠습니다. 워낙 긴급한 사안으로 상담신청시 상담시간 무관하게 바로 연락드리겠습니다. 사실관계 분석 후 바로 진행 가능합니다. 이 사안은 중대한 혐의로 무엇보다 수사절차와 변호전략을 제대로 아는 형사전문 변호사의 도움이 필요합니다.중앙지방검찰청 특수부에서 대형비리범죄에 대한 수사를 한 적도 있고 반대로 대형로펌에서 형사사건에 대한 변호도 한 적이 있습니다. 공격과 방어를 모두 알고 있는 경험과 전략으로 전방위적인 조력을 해드리겠습니다. 지금 바로 상담이 필요합니다. 상담신청시 [서울중앙지방검찰청 특수부 출신 대표변호사]가 직접 상담합니다. [법률사무소 가호 이진채 대표변호사] - 대한변호사협회 인증 형사전문 변호사 - 대한변호사협회 인증 가사전문 변호사 - 서울중앙지방검찰청 방위사업수사부 출신 - 대형로펌 파트너변호사 출신 - 국방부검찰단 군검사 출신 - 제2작전사령부 검찰부장 출신 - 국방부 성희롱 예방교육 강연,None,assistant,ko,0,null,False,null,False,null,{ toxicity: 0.0 severe_toxicity: 0.0 obscene: 0.0 identity_attack: 0.0 insult: 0.0 threat: 0.0 sexual_explicit: 0.0 },7f3d3687-9ce8-46b0-8514-ff7684e8b74a,ready_for_export,{ name: [ _skip_labeling ] count: [ 2 ] },{ name: [ spam lang_mismatch pii not_appropriate hate_speech sexual_content quality toxicity humor creativity violence ] value: [ 0 0 0 0 0 0 0.5833333333333334 0.08333333333333333 0.08333333333333333 0.4166666666666667 0 ] count: [ 3 3 3 3 3 3 3 3 3 3 3 ] },https://www.lawtalk.co.kr/qna/433150,이진채 변호사
7c8bd814-22b9-4b8f-9af5-48a135e8a4ab,null,81774977-fc91-4750-8162-479f01d4222c,2024-08-07T10:51:19.996969+09:00,증여자금 소송 및 승소 가능성에 대한 질문.,증여자금 소송 및 승소 가능성에 대한 질문.,None,prompter,ko,0,null,False,null,False,null,{ toxicity: 0.0 severe_toxicity: 0.0 obscene: 0.0 identity_attack: 0.0 insult: 0.0 threat: 0.0 sexual_explicit: 0.0 },7c8bd814-22b9-4b8f-9af5-48a135e8a4ab,ready_for_export,{ name: [ _skip_labeling ] count: [ 2 ] },{ name: [ spam lang_mismatch pii not_appropriate hate_speech sexual_content quality toxicity humor creativity violence ] value: [ 0 0 0 0 0 0 0.5833333333333334 0.08333333333333333 0.08333333333333333 0.4166666666666667 0 ] count: [ 3 3 3 3 3 3 3 3 3 3 3 ] },https://www.lawtalk.co.kr/qna/433592,
9f5a8a87-aed0-4dae-9256-7d5f6dd88193,7c8bd814-22b9-4b8f-9af5-48a135e8a4ab,a19a7068-eb05-41ea-b450-3d4d9ff83032,2024-08-07T10:51:19.997940+09:00,null,- 부양을 조건으로 아파트 구매 자금을 지원한 경우 만약 부양 의무를 제대로 이행하지 않았다면 해당 자금을 반환받을 가능성이 있습니다. 계약 해지의 여부와 관련된 사항은 법률적 검토가 필요합니다. - 할머니가 지급한 금액이 정확히 확인되지 않는 경우에도 지원금의 존재와 대금 지급 사실을 입증할 수 있는 증거가 있다면 소송을 진행할 수 있습니다. -------------------------------------------------------------------------------------------------------------- 믿음직한 법률 동반자 법률사무소 로유 - 대한변호사협회 등록 이혼 형사 전문 변호사 - 법률 문제로 고민이시라면 법률사무소 로유가 도와드리겠습니다. 저희 사무실은 풍부한 경험과 전문 지식을 바탕으로 고객의 권익을 최우선으로 보호합니다. 음주운전 교통사고 형사사건 이혼사건 등 다양한 법률 분야에서 최고의 해결책을 제시합니다. 신속하고 철저한 법률 서비스를 통해 여러분의 걱정을 덜어드리겠습니다.,None,assistant,ko,0,null,False,null,False,null,{ toxicity: 0.0 severe_toxicity: 0.0 obscene: 0.0 identity_attack: 0.0 insult: 0.0 threat: 0.0 sexual_explicit: 0.0 },7c8bd814-22b9-4b8f-9af5-48a135e8a4ab,ready_for_export,{ name: [ _skip_labeling ] count: [ 2 ] },{ name: [ spam lang_mismatch pii not_appropriate hate_speech sexual_content quality toxicity humor creativity violence ] value: [ 0 0 0 0 0 0 0.5833333333333334 0.08333333333333333 0.08333333333333333 0.4166666666666667 0 ] count: [ 3 3 3 3 3 3 3 3 3 3 3 ] },https://www.lawtalk.co.kr/qna/433592,배희정 변호사
cc184755-82db-4289-b164-8182de628b18,null,53cb352c-ad0a-4187-8440-c7a1834de25c,2024-08-07T10:51:21.321561+09:00,전세보증금 반환 문제와 대처 방안.,전세보증금 반환 문제와 대처 방안.,None,prompter,ko,0,null,False,null,False,null,{ toxicity: 0.0 severe_toxicity: 0.0 obscene: 0.0 identity_attack: 0.0 insult: 0.0 threat: 0.0 sexual_explicit: 0.0 },cc184755-82db-4289-b164-8182de628b18,ready_for_export,{ name: [ _skip_labeling ] count: [ 2 ] },{ name: [ spam lang_mismatch pii not_appropriate hate_speech sexual_content quality toxicity humor creativity violence ] value: [ 0 0 0 0 0 0 0.5833333333333334 0.08333333333333333 0.08333333333333333 0.4166666666666667 0 ] count: [ 3 3 3 3 3 3 3 3 3 3 3 ] },https://www.lawtalk.co.kr/qna/426537,
6c0e1c83-27b2-4f28-9272-12a61d180a14,cc184755-82db-4289-b164-8182de628b18,518b75d6-ee0d-4ad8-9988-25e603dd467b,2024-08-07T10:51:19.997940+09:00,null,위 사실관계만으로만 보았을 때는 근저당보다는 우선순위일 것으로 사료됩니다. 계약기간이 만료되기 전이라도 임대인이 보증금 반환을 하지 않을 것임을 고지했다는 점에서 빠른 시일 내에 소송을 통한 집행권원을 소유하실 것을 권유드립니다. 사건 접수부터 마무리까지 직원이 아닌 변호사만이 의뢰인과 직접 소통하는 법률사무소 조이의 윤관열 변호사입니다. 감사합니다.,None,assistant,ko,0,null,False,null,False,null,{ toxicity: 0.0 severe_toxicity: 0.0 obscene: 0.0 identity_attack: 0.0 insult: 0.0 threat: 0.0 sexual_explicit: 0.0 },cc184755-82db-4289-b164-8182de628b18,ready_for_export,{ name: [ _skip_labeling ] count: [ 2 ] },{ name: [ spam lang_mismatch pii not_appropriate hate_speech sexual_content quality toxicity humor creativity violence ] value: [ 0 0 0 0 0 0 0.5833333333333334 0.08333333333333333 0.08333333333333333 0.4166666666666667 0 ] count: [ 3 3 3 3 3 3 3 3 3 3 3 ] },https://www.lawtalk.co.kr/qna/426537,이성진 변호사
1ad9dea1-29a2-486a-b6f0-c46a7d7e5a8a,cc184755-82db-4289-b164-8182de628b18,058626af-f3a6-448e-be7f-a99646eade47,2024-08-07T10:51:21.321561+09:00,null,1. 주택임대차계약의 경우 주택의 소유자가 변경된 경우 새로운 집주인을 임대인으로 간주할 수 있으나 만일 임차인이 이를 원치 않을 경우 즉시 임대차계약을 종료하고 기존의 소유자에게 보증금반환을 청구할 수 있습니다. 즉 다음 집주인과 얘기하라는데 이게 맞는건지 문의드립니다. -> 틀렸습니다. 2. 바로 내용증명을 보내어 계약 종료에 대한 내용과 함께 보증금 반환을 청구하는 것이 맞습니다. 다만 지금 구체적으로 1. 계약종료 의사 통보 날자 2. 실제 계약 기간 3. 현재 임대인이 주택소유권을 갖고 있는지 여부에 따라 계약이 종료될 수 있는 시점이 조금 상이할 것으로 보입니다. 위 내용을 포함하여 상담신청해주시면 구체적으로 보증금 청구가 가능한 날짜에 대해 설명드리도록 하겠습니다. 감사합니다. 이성진 배상,None,assistant,ko,0,null,False,null,False,null,{ toxicity: 0.0 severe_toxicity: 0.0 obscene: 0.0 identity_attack: 0.0 insult: 0.0 threat: 0.0 sexual_explicit: 0.0 },cc184755-82db-4289-b164-8182de628b18,ready_for_export,{ name: [ _skip_labeling ] count: [ 2 ] },{ name: [ spam lang_mismatch pii not_appropriate hate_speech sexual_content quality toxicity humor creativity violence ] value: [ 0 0 0 0 0 0 0.5833333333333334 0.08333333333333333 0.08333333333333333 0.4166666666666667 0 ] count: [ 3 3 3 3 3 3 3 3 3 3 3 ] },https://www.lawtalk.co.kr/qna/426537,이성진 변호사
06972f36-76c8-4c91-9e77-3d15803199d2,null,8004c0e3-4193-4959-afa0-07c9c4cd5144,2024-08-07T10:51:19.997940+09:00,양육비 청구 소송 진행 방법과 가능성.,양육비 청구 소송 진행 방법과 가능성.,None,prompter,ko,0,null,False,null,False,null,{ toxicity: 0.0 severe_toxicity: 0.0 obscene: 0.0 identity_attack: 0.0 insult: 0.0 threat: 0.0 sexual_explicit: 0.0 },06972f36-76c8-4c91-9e77-3d15803199d2,ready_for_export,{ name: [ _skip_labeling ] count: [ 2 ] },{ name: [ spam lang_mismatch pii not_appropriate hate_speech sexual_content quality toxicity humor creativity violence ] value: [ 0 0 0 0 0 0 0.5833333333333334 0.08333333333333333 0.08333333333333333 0.4166666666666667 0 ] count: [ 3 3 3 3 3 3 3 3 3 3 3 ] },https://www.lawtalk.co.kr/qna/433677,
e4812122-ab9d-4f35-aeaa-6b8d9dc86f6f,06972f36-76c8-4c91-9e77-3d15803199d2,8352a873-65ab-48ca-aa4c-262efca396a7,2024-08-07T10:51:19.997940+09:00,null,양육비 받을 수 있고 받아야만 합니다. 이렇기 때문에 협의이혼 이후 별도로 위자료청구 재산분할청구 양육비청구 하시는 분들이 많습니다. 저희 법률사무소는 그수백쌍의 이혼을 조력해드렸습니다. 재산분할비율을 :1 8:2로 받아낸 적도 있으며 심지어 아빠에게 양육권을 확보해드리기도 했습니다. 이 모든 경험으로 빠르고 확실하게 조력해드리겠습니다. 상담신청시 [대한변호사협회 인증 가사전문 대형로펌 파트너변호사 출신 대표변호사]가 직접 상담합니다. [법률사무소 가호 이진채 대표변호사] - 대한변호사협회 인증 형사전문 변호사 - 대한변호사협회 인증 가사전문 변호사 - 서울중앙지방검찰청 방위사업수사부 출신 - 대형로펌 파트너변호사 출신 - 국방부검찰단 군검사 출신 - 제2작전사령부 검찰부장 출신 - 국방부 성희롱 예방교육 강연,None,assistant,ko,0,null,False,null,False,null,{ toxicity: 0.0 severe_toxicity: 0.0 obscene: 0.0 identity_attack: 0.0 insult: 0.0 threat: 0.0 sexual_explicit: 0.0 },06972f36-76c8-4c91-9e77-3d15803199d2,ready_for_export,{ name: [ _skip_labeling ] count: [ 2 ] },{ name: [ spam lang_mismatch pii not_appropriate hate_speech sexual_content quality toxicity humor creativity violence ] value: [ 0 0 0 0 0 0 0.5833333333333334 0.08333333333333333 0.08333333333333333 0.4166666666666667 0 ] count: [ 3 3 3 3 3 3 3 3 3 3 3 ] },https://www.lawtalk.co.kr/qna/433677,이진채 변호사
738746c2-b17b-40cc-b7ad-5a50fdc6300b,null,45dbd10e-78f3-410a-ac01-abd89986f21d,2024-08-07T10:51:19.997940+09:00,스토킹으로 처벌 받을 수 있는 경우와 경찰 조사 과정.,스토킹으로 처벌 받을 수 있는 경우와 경찰 조사 과정.,None,prompter,ko,0,null,False,null,False,null,{ toxicity: 0.0 severe_toxicity: 0.0 obscene: 0.0 identity_attack: 0.0 insult: 0.0 threat: 0.0 sexual_explicit: 0.0 },738746c2-b17b-40cc-b7ad-5a50fdc6300b,ready_for_export,{ name: [ _skip_labeling ] count: [ 2 ] },{ name: [ spam lang_mismatch pii not_appropriate hate_speech sexual_content quality toxicity humor creativity violence ] value: [ 0 0 0 0 0 0 0.5833333333333334 0.08333333333333333 0.08333333333333333 0.4166666666666667 0 ] count: [ 3 3 3 3 3 3 3 3 3 3 3 ] },https://www.lawtalk.co.kr/qna/433654,
475196ed-f041-499a-963a-621fdb6a2834,738746c2-b17b-40cc-b7ad-5a50fdc6300b,5d6a9b91-7d5f-4da4-9dc0-fa2fbb7281fa,2024-08-07T10:51:19.997940+09:00,null,스토킹 처벌법에 따르면 상대방의의사에 반하여 집에 찾아가는 행위로 처벌할 수 있습니다. 비밀번호를 변경하였던 점에 대해서는 집에 들어오지 못하게 하려는 의사가 있다고 판단될 것이고 문을 두드린 행위는 스토킹행위로 판단될 여지가 있습니다. 다만 해당하는 부분에 대해서 다양한 변호논리를 갖추고 있으니 연락주셔서 변호인과 함께 대응하심이 좋겠습니다. <이사백변호사 법률사무소> 제 이름을 가장 앞에 걸고 의뢰인의 처음과 끝을 함께 할 법률사무소를 설립하였습니다. 누구에게도 부끄럽지 않도록 노력할 것을 약속드립니다. 법률문제에 맞닥드린 그때 느낀 당혹스러움과 고통을 누구보다 잘 이해합니다. 다양한 경력을 이용해 문제의 본질을 빠르게 파악하고 여러가지 대응책을을 판단하여 알려드립니다. 자세한 내용은 프로필을 참고해 주시기 바랍니다. 법률문제가 발생하면 즉시 이사백변호사,None,assistant,ko,0,null,False,null,False,null,{ toxicity: 0.0 severe_toxicity: 0.0 obscene: 0.0 identity_attack: 0.0 insult: 0.0 threat: 0.0 sexual_explicit: 0.0 },738746c2-b17b-40cc-b7ad-5a50fdc6300b,ready_for_export,{ name: [ _skip_labeling ] count: [ 2 ] },{ name: [ spam lang_mismatch pii not_appropriate hate_speech sexual_content quality toxicity humor creativity violence ] value: [ 0 0 0 0 0 0 0.5833333333333334 0.08333333333333333 0.08333333333333333 0.4166666666666667 0 ] count: [ 3 3 3 3 3 3 3 3 3 3 3 ] },https://www.lawtalk.co.kr/qna/433654,이사백 변호사
252de247-81aa-4e71-a46a-f0613520b53f,null,0aeb3f5d-f65f-4ce1-bc66-abfc425c769b,2024-08-07T10:51:19.997940+09:00,상속재산 포함 범위에 대한 질문.,상속재산 포함 범위에 대한 질문.,None,prompter,ko,0,null,False,null,False,null,{ toxicity: 0.0 severe_toxicity: 0.0 obscene: 0.0 identity_attack: 0.0 insult: 0.0 threat: 0.0 sexual_explicit: 0.0 },252de247-81aa-4e71-a46a-f0613520b53f,ready_for_export,{ name: [ _skip_labeling ] count: [ 2 ] },{ name: [ spam lang_mismatch pii not_appropriate hate_speech sexual_content quality toxicity humor creativity violence ] value: [ 0 0 0 0 0 0 0.5833333333333334 0.08333333333333333 0.08333333333333333 0.4166666666666667 0 ] count: [ 3 3 3 3 3 3 3 3 3 3 3 ] },https://www.lawtalk.co.kr/qna/433431,
b4a0f3ad-768d-492e-9e4a-53e0a782048e,252de247-81aa-4e71-a46a-f0613520b53f,3042293c-ed1a-4ad1-ab4c-354a7105a812,2024-08-07T10:51:19.997940+09:00,null,1. 포함됩니다. 2. 현재 가치로 계산됩니다. 질문자님은 유류분 청구 가능하나 질문하신 부분이 마음에 걸리는 것 같습니다. -상대방도 생전에 받은 재산을 입증하거나 -선생님이 생전에 받은 수표를 숨겨야 합니다. 유류분소송은 계산방식이 복잡하니 변호사를 선임하여 진행하시기 바랍니다. -다수 유류분 사건 경험을 보유했습니다. -선생님께서 걱정하시는 부분은 소송수행의 과정에서 방어가 가능한 사안으로 보입니다.,None,assistant,ko,0,null,False,null,False,null,{ toxicity: 0.0 severe_toxicity: 0.0 obscene: 0.0 identity_attack: 0.0 insult: 0.0 threat: 0.0 sexual_explicit: 0.0 },252de247-81aa-4e71-a46a-f0613520b53f,ready_for_export,{ name: [ _skip_labeling ] count: [ 2 ] },{ name: [ spam lang_mismatch pii not_appropriate hate_speech sexual_content quality toxicity humor creativity violence ] value: [ 0 0 0 0 0 0 0.5833333333333334 0.08333333333333333 0.08333333333333333 0.4166666666666667 0 ] count: [ 3 3 3 3 3 3 3 3 3 3 3 ] },https://www.lawtalk.co.kr/qna/433431,이세준 변호사
5e12dba4-10d0-4617-a5ae-5b511b2fce77,null,90209c2c-d544-4f36-8062-108d1a975f72,2024-08-07T10:51:19.998937+09:00,성추행 거짓고소 예방을 위한 CCTV기록 요청 가능성.,성추행 거짓고소 예방을 위한 CCTV기록 요청 가능성.,None,prompter,ko,0,null,False,null,False,null,{ toxicity: 0.0 severe_toxicity: 0.0 obscene: 0.0 identity_attack: 0.0 insult: 0.0 threat: 0.0 sexual_explicit: 0.0 },5e12dba4-10d0-4617-a5ae-5b511b2fce77,ready_for_export,{ name: [ _skip_labeling ] count: [ 2 ] },{ name: [ spam lang_mismatch pii not_appropriate hate_speech sexual_content quality toxicity humor creativity violence ] value: [ 0 0 0 0 0 0 0.5833333333333334 0.08333333333333333 0.08333333333333333 0.4166666666666667 0 ] count: [ 3 3 3 3 3 3 3 3 3 3 3 ] },https://www.lawtalk.co.kr/qna/433332,
2c2d32d4-2bcd-4103-8557-7cab4f00692e,5e12dba4-10d0-4617-a5ae-5b511b2fce77,0cc6c126-9fcf-4892-93ff-a797f73f860f,2024-08-07T10:51:19.998937+09:00,null,1. 모텔측에 요청해도 개인정보여서 보지 않을 가능성이 높습니다. 사정을 이야기 하시고 삭제되지 않도록 백업만 요청해 보시기 바랍니다. 2. 구체적인 상담을 거친 답변이 아니오니 참고만 하시고 궁금하신 사항은 연락주세요.,None,assistant,ko,0,null,False,null,False,null,{ toxicity: 0.0 severe_toxicity: 0.0 obscene: 0.0 identity_attack: 0.0 insult: 0.0 threat: 0.0 sexual_explicit: 0.0 },5e12dba4-10d0-4617-a5ae-5b511b2fce77,ready_for_export,{ name: [ _skip_labeling ] count: [ 2 ] },{ name: [ spam lang_mismatch pii not_appropriate hate_speech sexual_content quality toxicity humor creativity violence ] value: [ 0 0 0 0 0 0 0.5833333333333334 0.08333333333333333 0.08333333333333333 0.4166666666666667 0 ] count: [ 3 3 3 3 3 3 3 3 3 3 3 ] },https://www.lawtalk.co.kr/qna/433332,백창협 변호사
b43dbc14-e5b3-4f4d-8c4c-0c2f1b5b6a0e,null,cd76603e-61ee-47ad-9c56-744e4688d0fe,2024-08-07T10:51:19.998937+09:00,아이가 친자가 아닐 때의 법적 대응 방안.,아이가 친자가 아닐 때의 법적 대응 방안.,None,prompter,ko,0,null,False,null,False,null,{ toxicity: 0.0 severe_toxicity: 0.0 obscene: 0.0 identity_attack: 0.0 insult: 0.0 threat: 0.0 sexual_explicit: 0.0 },b43dbc14-e5b3-4f4d-8c4c-0c2f1b5b6a0e,ready_for_export,{ name: [ _skip_labeling ] count: [ 2 ] },{ name: [ spam lang_mismatch pii not_appropriate hate_speech sexual_content quality toxicity humor creativity violence ] value: [ 0 0 0 0 0 0 0.5833333333333334 0.08333333333333333 0.08333333333333333 0.4166666666666667 0 ] count: [ 3 3 3 3 3 3 3 3 3 3 3 ] },https://www.lawtalk.co.kr/qna/433577,
dccdc295-f869-4415-9636-e3ed8400237b,b43dbc14-e5b3-4f4d-8c4c-0c2f1b5b6a0e,acf25808-20e0-4b1f-ad36-ffa6e63c55d6,2024-08-07T10:51:19.998937+09:00,null,안녕하세요. 허소현 변호사입니다. 위 사안은 사실관계를 명확히 따져 확실한 증거를 마련하여 적극적으로 대응해야합니다. 직접 상담을 도와드리고 있습니다. 문의하신 위 내용에 대하여 관련사건의 경험이 많은 전문변호사의 상담을 권유드립니다. [법무법인 김앤파트너스 허소현 변호사] - 대한변호사협회 [형사법] 전문변호사 - 동부교육청 학교폭력 심의위원 -중앙지방법원 국선변호인 - 성폭력위기센터 위촉변호사 - 언론중재위원회 자문변호사 - 한국도로공사 자문변호사,None,assistant,ko,0,null,False,null,False,null,{ toxicity: 0.0 severe_toxicity: 0.0 obscene: 0.0 identity_attack: 0.0 insult: 0.0 threat: 0.0 sexual_explicit: 0.0 },b43dbc14-e5b3-4f4d-8c4c-0c2f1b5b6a0e,ready_for_export,{ name: [ _skip_labeling ] count: [ 2 ] },{ name: [ spam lang_mismatch pii not_appropriate hate_speech sexual_content quality toxicity humor creativity violence ] value: [ 0 0 0 0 0 0 0.5833333333333334 0.08333333333333333 0.08333333333333333 0.4166666666666667 0 ] count: [ 3 3 3 3 3 3 3 3 3 3 3 ] },https://www.lawtalk.co.kr/qna/433577,허소현 변호사
da2f98ae-8603-4f20-aee7-d794a771cf29,null,281f7eba-16bd-46d0-a9e9-3ef7e888713c,2024-08-07T10:51:19.998937+09:00,소송 피고와 변호사 선임에 대한 질문.,소송 피고와 변호사 선임에 대한 질문.,None,prompter,ko,0,null,False,null,False,null,{ toxicity: 0.0 severe_toxicity: 0.0 obscene: 0.0 identity_attack: 0.0 insult: 0.0 threat: 0.0 sexual_explicit: 0.0 },da2f98ae-8603-4f20-aee7-d794a771cf29,ready_for_export,{ name: [ _skip_labeling ] count: [ 2 ] },{ name: [ spam lang_mismatch pii not_appropriate hate_speech sexual_content quality toxicity humor creativity violence ] value: [ 0 0 0 0 0 0 0.5833333333333334 0.08333333333333333 0.08333333333333333 0.4166666666666667 0 ] count: [ 3 3 3 3 3 3 3 3 3 3 3 ] },https://www.lawtalk.co.kr/qna/433649,
96562e47-d2c1-4425-b40e-6c605f9d9843,da2f98ae-8603-4f20-aee7-d794a771cf29,7cb41f4b-919e-442f-8aec-b517c4f78b22,2024-08-07T10:51:19.998937+09:00,null,소장 분석 및 향후 소송대응에 대한 방향과 조력이 가능합니다. 상담신청시 [대한변호사협회 인증 가사전문 대형로펌 파트너변호사 출신 대표변호사]가 직접 상담합니다. [법률사무소 가호 이진채 대표변호사] - 대한변호사협회 인증 형사전문 변호사 - 대한변호사협회 인증 가사전문 변호사 - 대형로펌 파트너변호사 출신 -중앙지방검찰청 방위사업수사부 출신 - 국방부검찰단 군검사 - 장기군법무관 수석임관 - 한국타이어앤테크놀로지(주) 법무팀 - 국방부 성희롱 예방교육 강의,None,assistant,ko,0,null,False,null,False,null,{ toxicity: 0.0 severe_toxicity: 0.0 obscene: 0.0 identity_attack: 0.0 insult: 0.0 threat: 0.0 sexual_explicit: 0.0 },da2f98ae-8603-4f20-aee7-d794a771cf29,ready_for_export,{ name: [ _skip_labeling ] count: [ 2 ] },{ name: [ spam lang_mismatch pii not_appropriate hate_speech sexual_content quality toxicity humor creativity violence ] value: [ 0 0 0 0 0 0 0.5833333333333334 0.08333333333333333 0.08333333333333333 0.4166666666666667 0 ] count: [ 3 3 3 3 3 3 3 3 3 3 3 ] },https://www.lawtalk.co.kr/qna/433649,이진채 변호사
d8865e44-8e67-4eb8-8d51-1ec656dbfee4,null,bf594199-9dac-4779-af4c-83ac84cf9e64,2024-08-07T10:51:19.998937+09:00,치매 환자의 주택 사용과 상속 문제에 대한 법적 고려사항.,치매 환자의 주택 사용과 상속 문제에 대한 법적 고려사항.,None,prompter,ko,0,null,False,null,False,null,{ toxicity: 0.0 severe_toxicity: 0.0 obscene: 0.0 identity_attack: 0.0 insult: 0.0 threat: 0.0 sexual_explicit: 0.0 },d8865e44-8e67-4eb8-8d51-1ec656dbfee4,ready_for_export,{ name: [ _skip_labeling ] count: [ 2 ] },{ name: [ spam lang_mismatch pii not_appropriate hate_speech sexual_content quality toxicity humor creativity violence ] value: [ 0 0 0 0 0 0 0.5833333333333334 0.08333333333333333 0.08333333333333333 0.4166666666666667 0 ] count: [ 3 3 3 3 3 3 3 3 3 3 3 ] },https://www.lawtalk.co.kr/qna/433516,
a62815a6-fe5a-41a5-9c67-b39f8aea1d02,d8865e44-8e67-4eb8-8d51-1ec656dbfee4,6b057135-d41a-4e8f-b7ee-471d79d77c13,2024-08-07T10:51:19.998937+09:00,null,일단 할아버지가 생존해 계시고 집이 할아버지 명의이기에 이와 관련하여 아무리 자녀들이라고 할지라도 이 부분과 관련하여 어떠한 권리행사를 할 수 없습니다. 이에 따라 본인의 몫을 달라는 요구는 법적으로 아무런 의미도 없는 것으로 크게 신경쓰지 않으셔도 됩니다. 다만 할아버지의 의사에 따라 무상임대(할아버지 집에 들어가서 살되 보증금이나 월세를 내지 않는 상태)가 되는 것이 아니라면 차후 할아버지가 본인 소유의 집에 무단거주 하였다는 점을 문제 삼을 수도 있겠으나 아무래도 친형이 손자이기에 이러한 일은 발생하지 아니할 것으로 보입니다. 한편 차후 할아버지가 요양원에서 돌아가시게 된다면 그 때 비로소 상속인이 될 자녀들이 권리행사를 할 수 있게 되니 이 점은 함께 참고하시면 좋을듯합니다.,None,assistant,ko,0,null,False,null,False,null,{ toxicity: 0.0 severe_toxicity: 0.0 obscene: 0.0 identity_attack: 0.0 insult: 0.0 threat: 0.0 sexual_explicit: 0.0 },d8865e44-8e67-4eb8-8d51-1ec656dbfee4,ready_for_export,{ name: [ _skip_labeling ] count: [ 2 ] },{ name: [ spam lang_mismatch pii not_appropriate hate_speech sexual_content quality toxicity humor creativity violence ] value: [ 0 0 0 0 0 0 0.5833333333333334 0.08333333333333333 0.08333333333333333 0.4166666666666667 0 ] count: [ 3 3 3 3 3 3 3 3 3 3 3 ] },https://www.lawtalk.co.kr/qna/433516,이주현 변호사
1c73ea25-ee68-40ed-ad07-c3c5444c49eb,null,5165437d-8949-4e5a-9184-a320f172327e,2024-08-07T10:51:19.998937+09:00,상간으로 고소당한 피고 어떻게 대처해야 할까?.,상간으로 고소당한 피고 어떻게 대처해야 할까?.,None,prompter,ko,0,null,False,null,False,null,{ toxicity: 0.0 severe_toxicity: 0.0 obscene: 0.0 identity_attack: 0.0 insult: 0.0 threat: 0.0 sexual_explicit: 0.0 },1c73ea25-ee68-40ed-ad07-c3c5444c49eb,ready_for_export,{ name: [ _skip_labeling ] count: [ 2 ] },{ name: [ spam lang_mismatch pii not_appropriate hate_speech sexual_content quality toxicity humor creativity violence ] value: [ 0 0 0 0 0 0 0.5833333333333334 0.08333333333333333 0.08333333333333333 0.4166666666666667 0 ] count: [ 3 3 3 3 3 3 3 3 3 3 3 ] },https://www.lawtalk.co.kr/qna/433403,
